drop table if exists `Ｔ１`;
drop table if exists `Ｔ２`;
drop table if exists `Ｔ３`;
drop table if exists `Ｔ４`;
drop table if exists `Ｔ５`;
drop table if exists `Ｔ６`;
drop table if exists `Ｔ７`;
drop table if exists `Ｔ８`;
drop table if exists `Ｔ９`;
SET NAMES utf8;
CREATE TABLE `Ｔ１` (`Ｃ１` char(5) PRIMARY KEY, INDEX(`Ｃ１`)) DEFAULT CHARSET = utf8;
CREATE TABLE `Ｔ２` (`Ｃ１` char(5) PRIMARY KEY, INDEX(`Ｃ１`)) DEFAULT CHARSET = utf8;
CREATE TABLE `Ｔ３` (`Ｃ１` char(5) PRIMARY KEY, INDEX(`Ｃ１`)) DEFAULT CHARSET = utf8;
CREATE TABLE `Ｔ４` (`Ｃ１` char(5) PRIMARY KEY, INDEX(`Ｃ１`)) DEFAULT CHARSET = utf8;
CREATE TABLE `Ｔ５` (`Ｃ１` char(5) PRIMARY KEY, INDEX(`Ｃ１`)) DEFAULT CHARSET = utf8;
CREATE TABLE `Ｔ６` (`Ｃ１` char(5) PRIMARY KEY, INDEX(`Ｃ１`)) DEFAULT CHARSET = utf8;
CREATE TABLE `Ｔ７` (`Ｃ１` char(5) PRIMARY KEY, INDEX(`Ｃ１`)) DEFAULT CHARSET = utf8;
CREATE TABLE `Ｔ８` (`Ｃ１` char(5) PRIMARY KEY, INDEX(`Ｃ１`)) DEFAULT CHARSET = utf8;
CREATE TABLE `Ｔ９` (`Ｃ１` char(5) PRIMARY KEY, INDEX(`Ｃ１`)) DEFAULT CHARSET = utf8;
INSERT INTO `Ｔ１` VALUES ('ｱｲｳｴｵ'),('ｱｲｳｴ'),('ｱｲｳ'),('ｱｲ'),('ｱ'),('');
INSERT INTO `Ｔ２` VALUES ('あいうえお'),('あいうえ'),('あいう'),('あい'),('あ'),('');
INSERT INTO `Ｔ３` VALUES ('龔龖龗龞龡'),('龔龖龗龞'),('龔龖龗'),('龔龖'),('龔'),('');
INSERT INTO `Ｔ４` VALUES ('ｱｲｳｴｵ'),('ｱｲｳｴ'),('ｱｲｳ'),('ｱｲ'),('ｱ'),('');
INSERT INTO `Ｔ５` VALUES ('あいうえお'),('あいうえ'),('あいう'),('あい'),('あ'),('');
INSERT INTO `Ｔ６` VALUES ('龔龖龗龞龡'),('龔龖龗龞'),('龔龖龗'),('龔龖'),('龔'),('');
INSERT INTO `Ｔ７` VALUES ('ｱｲｳｴｵ'),('ｱｲｳｴ'),('ｱｲｳ'),('ｱｲ'),('ｱ'),('');
INSERT INTO `Ｔ８` VALUES ('あいうえお'),('あいうえ'),('あいう'),('あい'),('あ'),('');
INSERT INTO `Ｔ９` VALUES ('龔龖龗龞龡'),('龔龖龗龞'),('龔龖龗'),('龔龖'),('龔'),('');
SELECT * FROM `Ｔ１`;
Ｃ１

ｱ
ｱｲ
ｱｲｳ
ｱｲｳｴ
ｱｲｳｴｵ
SELECT * FROM `Ｔ２`;
Ｃ１

あ
あい
あいう
あいうえ
あいうえお
SELECT * FROM `Ｔ３`;
Ｃ１

龔
龔龖
龔龖龗
龔龖龗龞
龔龖龗龞龡
SELECT * FROM `Ｔ４`;
Ｃ１

ｱ
ｱｲ
ｱｲｳ
ｱｲｳｴ
ｱｲｳｴｵ
SELECT * FROM `Ｔ５`;
Ｃ１

あ
あい
あいう
あいうえ
あいうえお
SELECT * FROM `Ｔ６`;
Ｃ１

龔
龔龖
龔龖龗
龔龖龗龞
龔龖龗龞龡
SELECT * FROM `Ｔ７`;
Ｃ１

ｱ
ｱｲ
ｱｲｳ
ｱｲｳｴ
ｱｲｳｴｵ
SELECT * FROM `Ｔ８`;
Ｃ１

あ
あい
あいう
あいうえ
あいうえお
SELECT * FROM `Ｔ９`;
Ｃ１

龔
龔龖
龔龖龗
龔龖龗龞
龔龖龗龞龡
SELECT `Ｃ１`, LENGTH(`Ｃ１`) FROM `Ｔ１`;
Ｃ１	LENGTH(`Ｃ１`)
	0
ｱ	3
ｱｲ	6
ｱｲｳ	9
ｱｲｳｴ	12
ｱｲｳｴｵ	15
SELECT `Ｃ１`, LENGTH(`Ｃ１`) FROM `Ｔ２`;
Ｃ１	LENGTH(`Ｃ１`)
	0
あ	3
あい	6
あいう	9
あいうえ	12
あいうえお	15
SELECT `Ｃ１`, LENGTH(`Ｃ１`) FROM `Ｔ３`;
Ｃ１	LENGTH(`Ｃ１`)
	0
龔	3
龔龖	6
龔龖龗	9
龔龖龗龞	12
龔龖龗龞龡	15
SELECT `Ｃ１`, LENGTH(`Ｃ１`) FROM `Ｔ４`;
Ｃ１	LENGTH(`Ｃ１`)
	0
ｱ	3
ｱｲ	6
ｱｲｳ	9
ｱｲｳｴ	12
ｱｲｳｴｵ	15
SELECT `Ｃ１`, LENGTH(`Ｃ１`) FROM `Ｔ５`;
Ｃ１	LENGTH(`Ｃ１`)
	0
あ	3
あい	6
あいう	9
あいうえ	12
あいうえお	15
SELECT `Ｃ１`, LENGTH(`Ｃ１`) FROM `Ｔ６`;
Ｃ１	LENGTH(`Ｃ１`)
	0
龔	3
龔龖	6
龔龖龗	9
龔龖龗龞	12
龔龖龗龞龡	15
SELECT `Ｃ１`, LENGTH(`Ｃ１`) FROM `Ｔ７`;
Ｃ１	LENGTH(`Ｃ１`)
	0
ｱ	3
ｱｲ	6
ｱｲｳ	9
ｱｲｳｴ	12
ｱｲｳｴｵ	15
SELECT `Ｃ１`, LENGTH(`Ｃ１`) FROM `Ｔ８`;
Ｃ１	LENGTH(`Ｃ１`)
	0
あ	3
あい	6
あいう	9
あいうえ	12
あいうえお	15
SELECT `Ｃ１`, LENGTH(`Ｃ１`) FROM `Ｔ９`;
Ｃ１	LENGTH(`Ｃ１`)
	0
龔	3
龔龖	6
龔龖龗	9
龔龖龗龞	12
龔龖龗龞龡	15
DROP TABLE `Ｔ１`;
DROP TABLE `Ｔ２`;
DROP TABLE `Ｔ３`;
DROP TABLE `Ｔ４`;
DROP TABLE `Ｔ５`;
DROP TABLE `Ｔ６`;
DROP TABLE `Ｔ７`;
DROP TABLE `Ｔ８`;
DROP TABLE `Ｔ９`;
