drop table if exists ct1;
set session ob_trx_timeout=100000000000;
create table ct1(c1 int primary key, c2 int, c3 number, c4 varchar(60000), c5 varchar(60000)) ROW_FORMAT = redundant COMPRESSION = 'none' with column group (all columns, each column);
alter system minor freeze;
alter system major freeze;
select c1, c2, c3, length(c4) from ct1 where c1 < 1;
c1	c2	c3	length(c4)
0	0	0	3200
select c1, c2, c3, length(c4) from ct1 where c1 < 10;
c1	c2	c3	length(c4)
0	0	0	3200
1	1	1	3200
2	2	2	3200
3	3	3	3200
4	4	4	3200
5	5	5	3200
6	6	6	3200
7	7	7	3200
8	8	8	3200
9	9	9	3200
select c1, c2, c3, length(c4) from ct1 where c1 > 10000;
c1	c2	c3	length(c4)
select c1, c2, c3, length(c4) from ct1 where c2 < 1;
c1	c2	c3	length(c4)
0	0	0	3200
select c1, c2, c3, length(c4) from ct1 where c2 < 10;
c1	c2	c3	length(c4)
0	0	0	3200
1	1	1	3200
2	2	2	3200
3	3	3	3200
4	4	4	3200
5	5	5	3200
6	6	6	3200
7	7	7	3200
8	8	8	3200
9	9	9	3200
select c1, c2, c3, length(c4) from ct1 where c2 > 10000;
c1	c2	c3	length(c4)
select c1, c2, c3, length(c4) from ct1 where c1 + c2 <= 100 and c2 < 20;
c1	c2	c3	length(c4)
0	0	0	3200
1	1	1	3200
2	2	2	3200
3	3	3	3200
4	4	4	3200
5	5	5	3200
6	6	6	3200
7	7	7	3200
8	8	8	3200
9	9	9	3200
10	10	10	3200
11	11	11	3200
12	12	12	3200
13	13	13	3200
14	14	14	3200
15	15	15	3200
16	16	16	3200
17	17	17	3200
18	18	18	3200
19	19	19	3200
select c1, c2, c3, length(c4) from ct1 where c1 + c2 <= 100 or c2 < 20;
c1	c2	c3	length(c4)
0	0	0	3200
1	1	1	3200
2	2	2	3200
3	3	3	3200
4	4	4	3200
5	5	5	3200
6	6	6	3200
7	7	7	3200
8	8	8	3200
9	9	9	3200
10	10	10	3200
11	11	11	3200
12	12	12	3200
13	13	13	3200
14	14	14	3200
15	15	15	3200
16	16	16	3200
17	17	17	3200
18	18	18	3200
19	19	19	3200
20	20	20	3200
21	21	21	3200
22	22	22	3200
23	23	23	3200
24	24	24	3200
25	25	25	3200
26	26	26	3200
27	27	27	3200
28	28	28	3200
29	29	29	3200
30	30	30	3200
31	31	31	3200
32	32	32	3200
33	33	33	3200
34	34	34	3200
35	35	35	3200
36	36	36	3200
37	37	37	3200
38	38	38	3200
39	39	39	3200
40	40	40	3200
41	41	41	3200
42	42	42	3200
43	43	43	3200
44	44	44	3200
45	45	45	3200
46	46	46	3200
47	47	47	3200
48	48	48	3200
49	49	49	3200
50	50	50	3200
select c1, c2, c3, length(c4) from ct1 where c1 < 1 order by c1 desc;
c1	c2	c3	length(c4)
0	0	0	3200
select c1, c2, c3, length(c4) from ct1 where c1 < 10 order by c1 desc;
c1	c2	c3	length(c4)
9	9	9	3200
8	8	8	3200
7	7	7	3200
6	6	6	3200
5	5	5	3200
4	4	4	3200
3	3	3	3200
2	2	2	3200
1	1	1	3200
0	0	0	3200
select c1, c2, c3, length(c4) from ct1 where c1 > 10000 order by c1 desc;
c1	c2	c3	length(c4)
select c1, c2, c3, length(c4) from ct1 where c2 < 1 order by c1 desc;
c1	c2	c3	length(c4)
0	0	0	3200
select c1, c2, c3, length(c4) from ct1 where c2 < 10 order by c1 desc;
c1	c2	c3	length(c4)
9	9	9	3200
8	8	8	3200
7	7	7	3200
6	6	6	3200
5	5	5	3200
4	4	4	3200
3	3	3	3200
2	2	2	3200
1	1	1	3200
0	0	0	3200
select c1, c2, c3, length(c4) from ct1 where c2 > 10000 order by c1 desc;
c1	c2	c3	length(c4)
select c1, c2, c3, length(c4) from ct1 where c1 + c2 <= 100 and c2 < 20 order by c1 desc;
c1	c2	c3	length(c4)
19	19	19	3200
18	18	18	3200
17	17	17	3200
16	16	16	3200
15	15	15	3200
14	14	14	3200
13	13	13	3200
12	12	12	3200
11	11	11	3200
10	10	10	3200
9	9	9	3200
8	8	8	3200
7	7	7	3200
6	6	6	3200
5	5	5	3200
4	4	4	3200
3	3	3	3200
2	2	2	3200
1	1	1	3200
0	0	0	3200
select c1, c2, c3, length(c4) from ct1 where c1 + c2 <= 100 or c2 < 20 order by c1 desc;
c1	c2	c3	length(c4)
50	50	50	3200
49	49	49	3200
48	48	48	3200
47	47	47	3200
46	46	46	3200
45	45	45	3200
44	44	44	3200
43	43	43	3200
42	42	42	3200
41	41	41	3200
40	40	40	3200
39	39	39	3200
38	38	38	3200
37	37	37	3200
36	36	36	3200
35	35	35	3200
34	34	34	3200
33	33	33	3200
32	32	32	3200
31	31	31	3200
30	30	30	3200
29	29	29	3200
28	28	28	3200
27	27	27	3200
26	26	26	3200
25	25	25	3200
24	24	24	3200
23	23	23	3200
22	22	22	3200
21	21	21	3200
20	20	20	3200
19	19	19	3200
18	18	18	3200
17	17	17	3200
16	16	16	3200
15	15	15	3200
14	14	14	3200
13	13	13	3200
12	12	12	3200
11	11	11	3200
10	10	10	3200
9	9	9	3200
8	8	8	3200
7	7	7	3200
6	6	6	3200
5	5	5	3200
4	4	4	3200
3	3	3	3200
2	2	2	3200
1	1	1	3200
0	0	0	3200
select c1, c2, c3, length(c4) from ct1 where c5 is null;
c1	c2	c3	length(c4)
select c1, c2, c3, length(c4), length(c5) from ct1 limit 20;
c1	c2	c3	length(c4)	length(c5)
0	0	0	3200	3200
1	1	1	3200	3200
2	2	2	3200	3200
3	3	3	3200	3200
4	4	4	3200	3200
5	5	5	3200	3200
6	6	6	3200	3200
7	7	7	3200	3200
8	8	8	3200	3200
9	9	9	3200	3200
10	10	10	3200	3200
11	11	11	3200	3200
12	12	12	3200	3200
13	13	13	3200	3200
14	14	14	3200	3200
15	15	15	3200	3200
16	16	16	3200	3200
17	17	17	3200	3200
18	18	18	3200	3200
19	19	19	3200	3200
select c1, c2, c3, length(c4), length(c5) from ct1 limit 20 offset 5000;
c1	c2	c3	length(c4)	length(c5)
5000	5000	5000	3200	3200
5001	5001	5001	3200	3200
5002	5002	5002	3200	3200
5003	5003	5003	3200	3200
5004	5004	5004	3200	3200
5005	5005	5005	3200	3200
5006	5006	5006	3200	3200
5007	5007	5007	3200	3200
5008	5008	5008	3200	3200
5009	5009	5009	3200	3200
5010	5010	5010	3200	3200
5011	5011	5011	3200	3200
5012	5012	5012	3200	3200
5013	5013	5013	3200	3200
5014	5014	5014	3200	3200
5015	5015	5015	3200	3200
5016	5016	5016	3200	3200
5017	5017	5017	3200	3200
5018	5018	5018	3200	3200
5019	5019	5019	3200	3200
select c1, c2, c3, length(c4), length(c5) from ct1 order by c1 desc limit 20;
c1	c2	c3	length(c4)	length(c5)
9999	9999	9999	3200	3200
9998	9998	9998	3200	3200
9997	9997	9997	3200	3200
9996	9996	9996	3200	3200
9995	9995	9995	3200	3200
9994	9994	9994	3200	3200
9993	9993	9993	3200	3200
9992	9992	9992	3200	3200
9991	9991	9991	3200	3200
9990	9990	9990	3200	3200
9989	9989	9989	3200	3200
9988	9988	9988	3200	3200
9987	9987	9987	3200	3200
9986	9986	9986	3200	3200
9985	9985	9985	3200	3200
9984	9984	9984	3200	3200
9983	9983	9983	3200	3200
9982	9982	9982	3200	3200
9981	9981	9981	3200	3200
9980	9980	9980	3200	3200
select c1, c2, c3, length(c4), length(c5) from ct1 order by c1 desc limit 20 offset 5000;
c1	c2	c3	length(c4)	length(c5)
4999	4999	4999	3200	3200
4998	4998	4998	3200	3200
4997	4997	4997	3200	3200
4996	4996	4996	3200	3200
4995	4995	4995	3200	3200
4994	4994	4994	3200	3200
4993	4993	4993	3200	3200
4992	4992	4992	3200	3200
4991	4991	4991	3200	3200
4990	4990	4990	3200	3200
4989	4989	4989	3200	3200
4988	4988	4988	3200	3200
4987	4987	4987	3200	3200
4986	4986	4986	3200	3200
4985	4985	4985	3200	3200
4984	4984	4984	3200	3200
4983	4983	4983	3200	3200
4982	4982	4982	3200	3200
4981	4981	4981	3200	3200
4980	4980	4980	3200	3200
select c1, c2, c3, length(c4) from ct1 where (c1 < 100 and c1 < 20 and c3 < 10) or ((c1 + c2) < 100 and c3 < 10 and (c1 + c2) >= 0);
c1	c2	c3	length(c4)
0	0	0	3200
1	1	1	3200
2	2	2	3200
3	3	3	3200
4	4	4	3200
5	5	5	3200
6	6	6	3200
7	7	7	3200
8	8	8	3200
9	9	9	3200
alter system minor freeze;
select c1, c2, c3, length(c4) from ct1 where c1 < 1;
c1	c2	c3	length(c4)
0	0	0	3200
select c1, c2, c3, length(c4) from ct1 where c1 < 10;
c1	c2	c3	length(c4)
0	0	0	3200
1	1	1	3200
2	2	2	3200
3	3	3	3200
4	4	4	3200
5	5	5	3200
6	6	6	3200
7	7	7	3200
8	8	8	3200
9	9	9	3200
select c1, c2, c3, length(c4) from ct1 where c1 > 10000 limit 10;
c1	c2	c3	length(c4)
10001	10001	10001	3200
10002	10002	10002	3200
10003	10003	10003	3200
10004	10004	10004	3200
10005	10005	10005	3200
10006	10006	10006	3200
10007	10007	10007	3200
10008	10008	10008	3200
10009	10009	10009	3200
10010	10010	10010	3200
select c1, c2, c3, length(c4) from ct1 where c2 < 1;
c1	c2	c3	length(c4)
0	0	0	3200
select c1, c2, c3, length(c4) from ct1 where c2 < 10;
c1	c2	c3	length(c4)
0	0	0	3200
1	1	1	3200
2	2	2	3200
3	3	3	3200
4	4	4	3200
5	5	5	3200
6	6	6	3200
7	7	7	3200
8	8	8	3200
9	9	9	3200
select c1, c2, c3, length(c4) from ct1 where c2 > 10000 limit 10;
c1	c2	c3	length(c4)
10001	10001	10001	3200
10002	10002	10002	3200
10003	10003	10003	3200
10004	10004	10004	3200
10005	10005	10005	3200
10006	10006	10006	3200
10007	10007	10007	3200
10008	10008	10008	3200
10009	10009	10009	3200
10010	10010	10010	3200
select c1, c2, c3, length(c4) from ct1 where c1 + c2 <= 100 and c2 < 20;
c1	c2	c3	length(c4)
0	0	0	3200
1	1	1	3200
2	2	2	3200
3	3	3	3200
4	4	4	3200
5	5	5	3200
6	6	6	3200
7	7	7	3200
8	8	8	3200
9	9	9	3200
10	10	10	3200
11	11	11	3200
12	12	12	3200
13	13	13	3200
14	14	14	3200
15	15	15	3200
16	16	16	3200
17	17	17	3200
18	18	18	3200
19	19	19	3200
select c1, c2, c3, length(c4) from ct1 where c1 + c2 <= 100 or c2 < 20;
c1	c2	c3	length(c4)
0	0	0	3200
1	1	1	3200
2	2	2	3200
3	3	3	3200
4	4	4	3200
5	5	5	3200
6	6	6	3200
7	7	7	3200
8	8	8	3200
9	9	9	3200
10	10	10	3200
11	11	11	3200
12	12	12	3200
13	13	13	3200
14	14	14	3200
15	15	15	3200
16	16	16	3200
17	17	17	3200
18	18	18	3200
19	19	19	3200
20	20	20	3200
21	21	21	3200
22	22	22	3200
23	23	23	3200
24	24	24	3200
25	25	25	3200
26	26	26	3200
27	27	27	3200
28	28	28	3200
29	29	29	3200
30	30	30	3200
31	31	31	3200
32	32	32	3200
33	33	33	3200
34	34	34	3200
35	35	35	3200
36	36	36	3200
37	37	37	3200
38	38	38	3200
39	39	39	3200
40	40	40	3200
41	41	41	3200
42	42	42	3200
43	43	43	3200
44	44	44	3200
45	45	45	3200
46	46	46	3200
47	47	47	3200
48	48	48	3200
49	49	49	3200
50	50	50	3200
select c1, c2, c3, length(c4) from ct1 where c1 < 1 order by c1 desc;
c1	c2	c3	length(c4)
0	0	0	3200
select c1, c2, c3, length(c4) from ct1 where c1 < 10 order by c1 desc;
c1	c2	c3	length(c4)
9	9	9	3200
8	8	8	3200
7	7	7	3200
6	6	6	3200
5	5	5	3200
4	4	4	3200
3	3	3	3200
2	2	2	3200
1	1	1	3200
0	0	0	3200
select c1, c2, c3, length(c4) from ct1 where c1 > 10000 order by c1 desc limit 10;
c1	c2	c3	length(c4)
11999	11999	11999	3200
11998	11998	11998	3200
11997	11997	11997	3200
11996	11996	11996	3200
11995	11995	11995	3200
11994	11994	11994	3200
11993	11993	11993	3200
11992	11992	11992	3200
11991	11991	11991	3200
11990	11990	11990	3200
select c1, c2, c3, length(c4) from ct1 where c2 < 1 order by c1 desc;
c1	c2	c3	length(c4)
0	0	0	3200
select c1, c2, c3, length(c4) from ct1 where c2 < 10 order by c1 desc;
c1	c2	c3	length(c4)
9	9	9	3200
8	8	8	3200
7	7	7	3200
6	6	6	3200
5	5	5	3200
4	4	4	3200
3	3	3	3200
2	2	2	3200
1	1	1	3200
0	0	0	3200
select c1, c2, c3, length(c4) from ct1 where c2 > 10000 order by c1 desc limit 10;
c1	c2	c3	length(c4)
11999	11999	11999	3200
11998	11998	11998	3200
11997	11997	11997	3200
11996	11996	11996	3200
11995	11995	11995	3200
11994	11994	11994	3200
11993	11993	11993	3200
11992	11992	11992	3200
11991	11991	11991	3200
11990	11990	11990	3200
select c1, c2, c3, length(c4) from ct1 where c1 + c2 <= 100 and c2 < 20 order by c1 desc;
c1	c2	c3	length(c4)
19	19	19	3200
18	18	18	3200
17	17	17	3200
16	16	16	3200
15	15	15	3200
14	14	14	3200
13	13	13	3200
12	12	12	3200
11	11	11	3200
10	10	10	3200
9	9	9	3200
8	8	8	3200
7	7	7	3200
6	6	6	3200
5	5	5	3200
4	4	4	3200
3	3	3	3200
2	2	2	3200
1	1	1	3200
0	0	0	3200
select c1, c2, c3, length(c4) from ct1 where c1 + c2 <= 100 or c2 < 20 order by c1 desc;
c1	c2	c3	length(c4)
50	50	50	3200
49	49	49	3200
48	48	48	3200
47	47	47	3200
46	46	46	3200
45	45	45	3200
44	44	44	3200
43	43	43	3200
42	42	42	3200
41	41	41	3200
40	40	40	3200
39	39	39	3200
38	38	38	3200
37	37	37	3200
36	36	36	3200
35	35	35	3200
34	34	34	3200
33	33	33	3200
32	32	32	3200
31	31	31	3200
30	30	30	3200
29	29	29	3200
28	28	28	3200
27	27	27	3200
26	26	26	3200
25	25	25	3200
24	24	24	3200
23	23	23	3200
22	22	22	3200
21	21	21	3200
20	20	20	3200
19	19	19	3200
18	18	18	3200
17	17	17	3200
16	16	16	3200
15	15	15	3200
14	14	14	3200
13	13	13	3200
12	12	12	3200
11	11	11	3200
10	10	10	3200
9	9	9	3200
8	8	8	3200
7	7	7	3200
6	6	6	3200
5	5	5	3200
4	4	4	3200
3	3	3	3200
2	2	2	3200
1	1	1	3200
0	0	0	3200
select c1, c2, c3, length(c4) from ct1 where c5 is null;
c1	c2	c3	length(c4)
select c1, c2, c3, length(c4), length(c5) from ct1 limit 20;
c1	c2	c3	length(c4)	length(c5)
0	0	0	3200	3200
1	1	1	3200	3200
2	2	2	3200	3200
3	3	3	3200	3200
4	4	4	3200	3200
5	5	5	3200	3200
6	6	6	3200	3200
7	7	7	3200	3200
8	8	8	3200	3200
9	9	9	3200	3200
10	10	10	3200	3200
11	11	11	3200	3200
12	12	12	3200	3200
13	13	13	3200	3200
14	14	14	3200	3200
15	15	15	3200	3200
16	16	16	3200	3200
17	17	17	3200	3200
18	18	18	3200	3200
19	19	19	3200	3200
select c1, c2, c3, length(c4), length(c5) from ct1 limit 20 offset 5000;
c1	c2	c3	length(c4)	length(c5)
5000	5000	5000	3200	3200
5001	5001	5001	3200	3200
5002	5002	5002	3200	3200
5003	5003	5003	3200	3200
5004	5004	5004	3200	3200
5005	5005	5005	3200	3200
5006	5006	5006	3200	3200
5007	5007	5007	3200	3200
5008	5008	5008	3200	3200
5009	5009	5009	3200	3200
5010	5010	5010	3200	3200
5011	5011	5011	3200	3200
5012	5012	5012	3200	3200
5013	5013	5013	3200	3200
5014	5014	5014	3200	3200
5015	5015	5015	3200	3200
5016	5016	5016	3200	3200
5017	5017	5017	3200	3200
5018	5018	5018	3200	3200
5019	5019	5019	3200	3200
select c1, c2, c3, length(c4), length(c5) from ct1 order by c1 desc limit 20;
c1	c2	c3	length(c4)	length(c5)
11999	11999	11999	3200	3200
11998	11998	11998	3200	3200
11997	11997	11997	3200	3200
11996	11996	11996	3200	3200
11995	11995	11995	3200	3200
11994	11994	11994	3200	3200
11993	11993	11993	3200	3200
11992	11992	11992	3200	3200
11991	11991	11991	3200	3200
11990	11990	11990	3200	3200
11989	11989	11989	3200	3200
11988	11988	11988	3200	3200
11987	11987	11987	3200	3200
11986	11986	11986	3200	3200
11985	11985	11985	3200	3200
11984	11984	11984	3200	3200
11983	11983	11983	3200	3200
11982	11982	11982	3200	3200
11981	11981	11981	3200	3200
11980	11980	11980	3200	3200
select c1, c2, c3, length(c4), length(c5) from ct1 order by c1 desc limit 20 offset 5000;
c1	c2	c3	length(c4)	length(c5)
6999	6999	6999	3200	3200
6998	6998	6998	3200	3200
6997	6997	6997	3200	3200
6996	6996	6996	3200	3200
6995	6995	6995	3200	3200
6994	6994	6994	3200	3200
6993	6993	6993	3200	3200
6992	6992	6992	3200	3200
6991	6991	6991	3200	3200
6990	6990	6990	3200	3200
6989	6989	6989	3200	3200
6988	6988	6988	3200	3200
6987	6987	6987	3200	3200
6986	6986	6986	3200	3200
6985	6985	6985	3200	3200
6984	6984	6984	3200	3200
6983	6983	6983	3200	3200
6982	6982	6982	3200	3200
6981	6981	6981	3200	3200
6980	6980	6980	3200	3200
drop table ct1;
