create table t1(a int, b varchar(3048), primary key (a)) with column group (all columns, each column);
create table t2(c0 int, c1 int, c2 int, c3 int, c4 int, c5 int, c6 int, c7 int, c8 int, c9 int, c10 int, c11 int, c12 int) with column group (all columns, each column);
create table t3(a int, b varchar(3048), primary key (a)) with column group (all columns, each column);
insert into t1 values(1, 1);
insert into t2 values(0, 1, 2, 3, 4, 5, 6, 7, 8, 9, 10, 11, 12);
insert into t3 values(1, 1);
select count(*) from t1;
count(*)
501
alter system major freeze;
select count(*) from t1;
count(*)
1001
select * from t3;
a	b	c
1	1	NULL
2	1	1
select c from t3;
c
NULL
1
select count(c) from t3;
count(c)
1
INSERT INTO t1 VALUES(8000, repeat(8000,512));
alter system major freeze;
select count(*) from t1;
count(*)
1002
select * from t3;
a	b	c
1	1	NULL
2	1	1
select c from t3;
c
NULL
1
drop table t1;
drop table t2;
drop table t3;
