================ expression floor ================
select floor(null);
floor(null)
NULL
select floor(-123);
floor(-123)
-123
select floor(-123.123);
floor(-123.123)
-124
select floor(123);
floor(123)
123
select floor(3.1415926);
floor(3.1415926)
3
select floor(-3.1415926);
floor(-3.1415926)
-4
select floor(0.00);
floor(0.00)
0
select floor(-0.0);
floor(-0.0)
0
select floor(0.123456789);
floor(0.123456789)
0
select floor(-0.123456789);
floor(-0.123456789)
-1
select floor(123456789.123456789);
floor(123456789.123456789)
123456789
select floor(-99999999.999999999);
floor(-99999999.999999999)
-100000000
select floor(999999999.123456789);
floor(999999999.123456789)
999999999
select floor(-999999999.123456789);
floor(-999999999.123456789)
-1000000000
select floor(-123456789123456789123456789.123456789);
floor(-123456789123456789123456789.123456789)
-123456789123456789123456790
select floor(123456789123456789123456789123456789123456789123456789.123456789);
floor(123456789123456789123456789123456789123456789123456789.123456789)
123456789123456789123456789123456789123456789123456789
select floor(-123456789123456789123456789123456789123456789123456789.123456789);
floor(-123456789123456789123456789123456789123456789123456789.123456789)
-123456789123456789123456789123456789123456789123456790
select floor(123456789123456789123456789.123456789123456789123456789123456789);
floor(123456789123456789123456789.123456789123456789123456789123456789)
123456789123456789123456789
select floor(-123456789123456789123456789.123456789123456789123456789123456789);
floor(-123456789123456789123456789.123456789123456789123456789123456789)
-123456789123456789123456790
select floor(-123456789123456789123456789.123456789);
floor(-123456789123456789123456789.123456789)
-123456789123456789123456790
select floor(999999999999999999999999999999999999999999999.499999999);
floor(999999999999999999999999999999999999999999999.499999999)
999999999999999999999999999999999999999999999
select floor(999999999999999999999999999999999999999999999.500000001);
floor(999999999999999999999999999999999999999999999.500000001)
999999999999999999999999999999999999999999999
select floor(99999999999999999999999999999999999999999999.399999999);
floor(99999999999999999999999999999999999999999999.399999999)
99999999999999999999999999999999999999999999
select floor(-99999999999999999999999999999999999999999999.399999999);
floor(-99999999999999999999999999999999999999999999.399999999)
-100000000000000000000000000000000000000000000
select floor(-99999999999999999999999999999999999999999999.399999999);
floor(-99999999999999999999999999999999999999999999.399999999)
-100000000000000000000000000000000000000000000
select floor(999999999999999999999999999999999999999999999211111.399999999);
floor(999999999999999999999999999999999999999999999211111.399999999)
999999999999999999999999999999999999999999999211111
select floor(-999999999999999999999999999999999999999999999211111.399999999);
floor(-999999999999999999999999999999999999999999999211111.399999999)
-999999999999999999999999999999999999999999999211112
select floor(-999999999999999999999999999999999999999999999511111.399999999);
floor(-999999999999999999999999999999999999999999999511111.399999999)
-999999999999999999999999999999999999999999999511112
select floor(-999999999999999999999999999999999999999999999499999.399999999);
floor(-999999999999999999999999999999999999999999999499999.399999999)
-999999999999999999999999999999999999999999999500000
select floor(0.00000000000),ceil(0.00000);
floor(0.00000000000)	ceil(0.00000)
0	0
drop table if exists tbl1;
create table tbl1 (i1 int, v2 varchar(80), i3 char(20),i4 float, d4 datetime(6),i5 decimal(5,3), primary key(i1));
insert into tbl1 values(1,'now','haha1',1.6256,'2014-05-04 12:00:00',-10.235);
insert into tbl1 values(2,'now','haha2',-1.6256,'2014-05-04 12:00:00',1.243);
insert into tbl1 values(3,'now','haha3',1.156,'2014-05-04 12:00:00',-1.45);
insert into tbl1 values(4,'now','haha1',5.9256,'2014-05-04 12:00:00',3.45);
insert into tbl1 values(5,'now1','haha2',1.2356,'2014-05-04 12:00:00',-0.25);
insert into tbl1 values(6,'now2','haha3',-10.4256,'2014-05-04 12:00:00',0.253);
insert into tbl1 values(7,'now3','haha4',0.6256,'2014-05-04 12:00:00',1.677);
select floor(i4),floor(i5) from tbl1;
floor(i4)	floor(i5)
1	-11
-2	1
1	-2
5	3
1	-1
-11	0
0	1
select max(floor(i4)),max(floor(i5)) from tbl1;
max(floor(i4))	max(floor(i5))
5	3
select min(floor(i4)),min(floor(i5)) from tbl1;
min(floor(i4))	min(floor(i5))
-11	-11
select max(ceil(i4)),max(ceil(i5)) from tbl1;
max(ceil(i4))	max(ceil(i5))
6	4
select min(ceil(i4)),min(ceil(i5)) from tbl1;
min(ceil(i4))	min(ceil(i5))
-10	-10
select avg(ceil(i4)),avg(ceil(i5)) from tbl1;
avg(ceil(i4))	avg(ceil(i5))
0.2857	-0.2857
select avg(ceil(i5)),avg(floor(i5)) from tbl1;
avg(ceil(i5))	avg(floor(i5))
-0.2857	-1.2857
select sum(ceil(i4)),sum(ceil(i5)) from tbl1;
sum(ceil(i4))	sum(ceil(i5))
2	-2
select count(ceil(i4)),count(ceil(i5)) from tbl1;
count(ceil(i4))	count(ceil(i5))
7	7
select ceil(count(ceil(i4))),floor(count(ceil(i5))) from tbl1;
ceil(count(ceil(i4)))	floor(count(ceil(i5)))
7	7
select ceil(avg(ceil(i4))),floor(avg(ceil(i5))) from tbl1;
ceil(avg(ceil(i4)))	floor(avg(ceil(i5)))
1	-1
select ceil(avg(ceil(i4))),ceil(avg(ceil(i5))) from tbl1;
ceil(avg(ceil(i4)))	ceil(avg(ceil(i5)))
1	0
select * from tbl1 where floor(i4)=2;
i1	v2	i3	i4	d4	i5
select * from tbl1 where floor(i4)=ceil(i4)-1;
i1	v2	i3	i4	d4	i5
1	now	haha1	1.6256	2014-05-04 12:00:00.000000	-10.235
2	now	haha2	-1.6256	2014-05-04 12:00:00.000000	1.243
3	now	haha3	1.156	2014-05-04 12:00:00.000000	-1.450
4	now	haha1	5.9256	2014-05-04 12:00:00.000000	3.450
5	now1	haha2	1.2356	2014-05-04 12:00:00.000000	-0.250
6	now2	haha3	-10.4256	2014-05-04 12:00:00.000000	0.253
7	now3	haha4	0.6256	2014-05-04 12:00:00.000000	1.677
select * from tbl1 where floor(i1)=ceil(i1);
i1	v2	i3	i4	d4	i5
1	now	haha1	1.6256	2014-05-04 12:00:00.000000	-10.235
2	now	haha2	-1.6256	2014-05-04 12:00:00.000000	1.243
3	now	haha3	1.156	2014-05-04 12:00:00.000000	-1.450
4	now	haha1	5.9256	2014-05-04 12:00:00.000000	3.450
5	now1	haha2	1.2356	2014-05-04 12:00:00.000000	-0.250
6	now2	haha3	-10.4256	2014-05-04 12:00:00.000000	0.253
7	now3	haha4	0.6256	2014-05-04 12:00:00.000000	1.677
select floor(i1/10*8),i1/10*8 from tbl1;
floor(i1/10*8)	i1/10*8
0	0.8000
1	1.6000
2	2.4000
3	3.2000
4	4.0000
4	4.8000
5	5.6000
select * from tbl1 order by floor(i4);
i1	v2	i3	i4	d4	i5
6	now2	haha3	-10.4256	2014-05-04 12:00:00.000000	0.253
2	now	haha2	-1.6256	2014-05-04 12:00:00.000000	1.243
7	now3	haha4	0.6256	2014-05-04 12:00:00.000000	1.677
1	now	haha1	1.6256	2014-05-04 12:00:00.000000	-10.235
3	now	haha3	1.156	2014-05-04 12:00:00.000000	-1.450
5	now1	haha2	1.2356	2014-05-04 12:00:00.000000	-0.250
4	now	haha1	5.9256	2014-05-04 12:00:00.000000	3.450
select * from tbl1 order by floor(i4) desc;
i1	v2	i3	i4	d4	i5
4	now	haha1	5.9256	2014-05-04 12:00:00.000000	3.450
1	now	haha1	1.6256	2014-05-04 12:00:00.000000	-10.235
3	now	haha3	1.156	2014-05-04 12:00:00.000000	-1.450
5	now1	haha2	1.2356	2014-05-04 12:00:00.000000	-0.250
7	now3	haha4	0.6256	2014-05-04 12:00:00.000000	1.677
2	now	haha2	-1.6256	2014-05-04 12:00:00.000000	1.243
6	now2	haha3	-10.4256	2014-05-04 12:00:00.000000	0.253
select floor(i4) abc from tbl1 order by abc desc;
abc
5
1
1
1
0
-2
-11
select floor(v2) from tbl1;
floor(v2)
0
0
0
0
0
0
0
Warnings:
Warning	1292	Truncated incorrect DOUBLE value: 'now'
Warning	1292	Truncated incorrect DOUBLE value: 'now'
Warning	1292	Truncated incorrect DOUBLE value: 'now'
Warning	1292	Truncated incorrect DOUBLE value: 'now'
Warning	1292	Truncated incorrect DOUBLE value: 'now1'
Warning	1292	Truncated incorrect DOUBLE value: 'now2'
Warning	1292	Truncated incorrect DOUBLE value: 'now3'
select floor(i3) from tbl1;
floor(i3)
0
0
0
0
0
0
0
Warnings:
Warning	1292	Truncated incorrect DOUBLE value: 'haha1'
Warning	1292	Truncated incorrect DOUBLE value: 'haha2'
Warning	1292	Truncated incorrect DOUBLE value: 'haha3'
Warning	1292	Truncated incorrect DOUBLE value: 'haha1'
Warning	1292	Truncated incorrect DOUBLE value: 'haha2'
Warning	1292	Truncated incorrect DOUBLE value: 'haha3'
Warning	1292	Truncated incorrect DOUBLE value: 'haha4'
select floor(d4) from tbl1;
floor(d4)
20140504120000
20140504120000
20140504120000
20140504120000
20140504120000
20140504120000
20140504120000
drop table if exists tbl2;
create table tbl2 (i1 int, v2 varchar(80), primary key(i1));
insert into tbl2 values(1,'1');
insert into tbl2 values(2,'2.5');
insert into tbl2 values(3,'-3.2');
select floor(v2),ceil(v2) from tbl2;
floor(v2)	ceil(v2)
1	1
2	3
-4	-3
drop table if exists test;
create table test (pk int primary key, c1 tinyint, c2 smallint, c3 mediumint, c4 int, c5 bigint, c6 tinyint unsigned, c7 smallint unsigned, c8 mediumint unsigned, c9 int unsigned, c10 bigint unsigned, c11 float, c12 double, c13 float unsigned, c14 double unsigned, c15 decimal(20, 10), c16 decimal(20, 10) unsigned, c17  datetime(6), c18   timestamp(6) default "2012-01-01 12:00:00", c19 date, c20 time, c21 year , c22 varchar(10000), c23 char(255), c24 varbinary(10000), c25 binary(255));
insert into test values (0, -128, 2, -3, 4, -5, 6, 7, 8, 9, 10, -11.49, -12.5, 13.5, 14.49, 15.99, 16.1, '2017-01-01 00:01:10.123456', '2018-02-02 00:02:20.123456', '2019-03-03', '20:04:40.123456', '2021', '22.5324', '-23.436456', '-24', '25');
insert into test values (1, 1, -2, 3, -4, 5, 6, 7, 8, 9, 10, -11.49, -12.5, 13.5, 14.49, 15.99, 16.1, '2017-01-01 00:01:10.123456', '2018-02-02 00:02:20.123456', '2019-03-03', '20:04:40.123456', '2021', '-22.999999', '23.00001', '24.9999', '-25.00001');
insert into test values (2, NULL, NULL, NULL, NULL, NULL, NULL, NULL, NULL, NULL, NULL, NULL, NULL, NULL, NULL, NULL, NULL, NULL, NULL, NULL, NULL, NULL, NULL, NULL, NULL, NULL);
select floor(pk), floor(c1), floor(c2), floor(c3), floor(c4), floor(c5), floor(c6), floor(c7), floor(c8), floor(c9), floor(c10), floor(c11), floor(c12), floor(c13), floor(c14), floor(c15), floor(c16), floor(c22), floor(c23), floor(c24), floor(c25) from test;
floor(pk)	floor(c1)	floor(c2)	floor(c3)	floor(c4)	floor(c5)	floor(c6)	floor(c7)	floor(c8)	floor(c9)	floor(c10)	floor(c11)	floor(c12)	floor(c13)	floor(c14)	floor(c15)	floor(c16)	floor(c22)	floor(c23)	floor(c24)	floor(c25)
0	-128	2	-3	4	-5	6	7	8	9	10	-12	-13	13	14	15	16	22	-24	-24	25
1	1	-2	3	-4	5	6	7	8	9	10	-12	-13	13	14	15	16	-23	23	24	-26
2	NULL	NULL	NULL	NULL	NULL	NULL	NULL	NULL	NULL	NULL	NULL	NULL	NULL	NULL	NULL	NULL	NULL	NULL	NULL	NULL
Warnings:
Warning	1292	Truncated incorrect DOUBLE value: '25'
Warning	1292	Truncated incorrect DOUBLE value: '-25.00001'
drop table if exists test;
