================ expression locate ================
select locate('', 'abc');
locate('', 'abc')
1
select locate('', '');
locate('', '')
1
select locate('abcd', 'abc');
locate('abcd', 'abc')
0
select locate('abc', 'abc');
locate('abc', 'abc')
1
select locate('a', 'abc');
locate('a', 'abc')
1
select locate('b', 'abc');
locate('b', 'abc')
2
select locate('c', 'abc');
locate('c', 'abc')
3
select locate('bc', 'abc');
locate('bc', 'abc')
2
select locate('bc', 'abcbc');
locate('bc', 'abcbc')
2
select locate('阿里', '阿里巴巴');
locate('阿里', '阿里巴巴')
1
select locate('巴巴', '阿里巴巴巴巴');
locate('巴巴', '阿里巴巴巴巴')
3
select locate('阿里巴巴', '阿里巴巴');
locate('阿里巴巴', '阿里巴巴')
1
select locate(true, '123');
locate(true, '123')
1
select locate(true, '23');
locate(true, '23')
0
select locate(23, 123);
locate(23, 123)
2
select locate('', 23);
locate('', 23)
1
select locate('23', 123);
locate('23', 123)
2
select locate(123.4, '123.400000');
locate(123.4, '123.400000')
1
select locate('123.400000', 123.4);
locate('123.400000', 123.4)
0
select locate('123.400000', null);
locate('123.400000', null)
NULL
select locate(null, '巴巴');
locate(null, '巴巴')
NULL
select locate('巴巴', null);
locate('巴巴', null)
NULL
select locate(null, null);
locate(null, null)
NULL
select locate(false, true);
locate(false, true)
0
select locate(true, true);
locate(true, true)
1
select locate(true, 123);
locate(true, 123)
1
select locate(false, 123);
locate(false, 123)
0
select locate(false, 0123);
locate(false, 0123)
0
select locate(false, 1023);
locate(false, 1023)
2
select locate(false,1023.4);
locate(false,1023.4)
2
select locate(true, 1023.4);
locate(true, 1023.4)
1
select locate(true, null);
locate(true, null)
NULL
select locate(null, true);
locate(null, true)
NULL
select locate(23, 123);
locate(23, 123)
2
select locate(123456, 123);
locate(123456, 123)
0
select locate(123, 123.4);
locate(123, 123.4)
1
select locate(123.4, 1234);
locate(123.4, 1234)
0
select locate(123, null);
locate(123, null)
NULL
select locate(null, 123);
locate(null, 123)
NULL
select locate(123.4, 123.400000);
locate(123.4, 123.400000)
1
select locate(123.41, 123.400000);
locate(123.41, 123.400000)
0
select locate(123.400000, null);
locate(123.400000, null)
NULL
select locate(null, 123.41);
locate(null, 123.41)
NULL
drop table if exists test;
drop table if exists t1;
create table t1(c1 bigint unsigned);
insert into t1 values(locate('a','b',9223372036854775807));
insert into t1 values(locate('a','b',9223372036854775808));
insert into t1 values(locate('a','b',12233720368547758000));
select * from t1;
c1
0
0
0
create table test(c1 datetime primary key);
insert into test values('2015-5-5');
select locate('201', c1) from test;
locate('201', c1)
1
select locate('', c1) from test;
locate('', c1)
1
select locate('haha', c1) from test;
locate('haha', c1)
0
select locate('-5',c1) from test;
locate('-5',c1)
0
select locate('2015-5-5', c1) from test;
locate('2015-5-5', c1)
0
select locate(true, c1) from test;
locate(true, c1)
3
select locate(201, c1) from test;
locate(201, c1)
1
select locate(201.1, c1) from test;
locate(201.1, c1)
0
select locate(c1, null) from test;
locate(c1, null)
NULL
select locate(null, c1) from test;
locate(null, c1)
NULL
drop table if exists test,t1;
select locate('', 'abc', 0);
locate('', 'abc', 0)
0
select locate('', 'abc', 1);
locate('', 'abc', 1)
1
select locate('', 'abc', -1);
locate('', 'abc', -1)
0
select locate('', '', 0);
locate('', '', 0)
0
select locate('', '', 1);
locate('', '', 1)
1
select locate('', '', -1);
locate('', '', -1)
0
select locate('abc', '', 0);
locate('abc', '', 0)
0
select locate('abc', '', -1);
locate('abc', '', -1)
0
select locate('abc', '', 1);
locate('abc', '', 1)
0
select locate('abcd', 'abc', 1);
locate('abcd', 'abc', 1)
0
select locate('abc', 'abc', 1);
locate('abc', 'abc', 1)
1
select locate('abc', 'abc', 2);
locate('abc', 'abc', 2)
0
select locate('a', 'abc', 1);
locate('a', 'abc', 1)
1
select locate('a', 'abc', 2);
locate('a', 'abc', 2)
0
select locate('a', 'abac', 1);
locate('a', 'abac', 1)
1
select locate('a', 'abac', 2);
locate('a', 'abac', 2)
3
select locate('b', 'abc', 1);
locate('b', 'abc', 1)
2
select locate('b', 'abc', 2);
locate('b', 'abc', 2)
2
select locate('b', 'abc', 3);
locate('b', 'abc', 3)
0
select locate('c', 'abc', 1);
locate('c', 'abc', 1)
3
select locate('c', 'abc', 3);
locate('c', 'abc', 3)
3
select locate('c', 'abc', 4);
locate('c', 'abc', 4)
0
select locate('bc', 'abc', 1);
locate('bc', 'abc', 1)
2
select locate('bc', 'abc', 3);
locate('bc', 'abc', 3)
0
select locate('', 'abc', 3);
locate('', 'abc', 3)
3
select locate('', 'abc', 4);
locate('', 'abc', 4)
4
select locate('', 'abc', 5);
locate('', 'abc', 5)
0
select locate('阿里', '阿里巴巴', 1);
locate('阿里', '阿里巴巴', 1)
1
select locate('阿里', '阿里巴巴', 2);
locate('阿里', '阿里巴巴', 2)
0
select locate('巴巴', '阿里巴巴', 1);
locate('巴巴', '阿里巴巴', 1)
3
select locate('巴巴', '阿里巴巴', 3);
locate('巴巴', '阿里巴巴', 3)
3
select locate('巴巴', '阿里巴巴', 4);
locate('巴巴', '阿里巴巴', 4)
0
select locate('巴巴', '阿里巴巴', 5);
locate('巴巴', '阿里巴巴', 5)
0
select locate('', '阿里阿里', 3);
locate('', '阿里阿里', 3)
7
select locate('', '阿里阿里', 4);
locate('', '阿里阿里', 4)
10
select locate('', '阿里阿里', 5);
locate('', '阿里阿里', 5)
13
select locate('阿里巴巴', '阿里巴巴', 0);
locate('阿里巴巴', '阿里巴巴', 0)
0
select locate('阿里巴巴', '阿里巴巴', 1);
locate('阿里巴巴', '阿里巴巴', 1)
1
select locate(23, 123, 1);
locate(23, 123, 1)
2
select locate('', 23, 1);
locate('', 23, 1)
1
select locate('23', 123, 1);
locate('23', 123, 1)
2
select locate(true, '123', 1);
locate(true, '123', 1)
1
select locate(true, '123', 2);
locate(true, '123', 2)
0
select locate(true, '123', 2);
locate(true, '123', 2)
0
select locate(true, '123', 2);
locate(true, '123', 2)
0
select locate(true, '1', 1);
locate(true, '1', 1)
1
select locate('1', true, 1);
locate('1', true, 1)
1
select locate(1.3, '1.300000', 2);
locate(1.3, '1.300000', 2)
0
select locate(1.3, '2321.300000', 2);
locate(1.3, '2321.300000', 2)
4
select locate(1.3, '2321.3', 2);
locate(1.3, '2321.3', 2)
4
select locate('1.3000', 451.3, 2);
locate('1.3000', 451.3, 2)
0
select locate(null, '巴巴', 3);
locate(null, '巴巴', 3)
NULL
select locate(null, '巴巴', 2);
locate(null, '巴巴', 2)
NULL
select locate('巴巴', null, 3);
locate('巴巴', null, 3)
NULL
select locate('巴巴', null, 2);
locate('巴巴', null, 2)
NULL
select locate('巴巴', '阿里巴巴', null);
locate('巴巴', '阿里巴巴', null)
0
select locate(null, null, 0);
locate(null, null, 0)
NULL
select locate(null, null, 1);
locate(null, null, 1)
NULL
select locate(false, true, 1);
locate(false, true, 1)
0
select locate(false, true, 2);
locate(false, true, 2)
0
select locate(true, true, 1);
locate(true, true, 1)
1
select locate(true, 123, 1);
locate(true, 123, 1)
1
select locate(true, 123, 2);
locate(true, 123, 2)
0
select locate(false, 1023.4, 2);
locate(false, 1023.4, 2)
2
select locate(false, 1023.4, 3);
locate(false, 1023.4, 3)
0
select locate(true, null, 0);
locate(true, null, 0)
NULL
select locate(true, null, 1);
locate(true, null, 1)
NULL
select locate(null, true, 0);
locate(null, true, 0)
NULL
select locate(null, true, 3);
locate(null, true, 3)
NULL
select locate(true, true, null);
locate(true, true, null)
0
select locate(23, 123, 1);
locate(23, 123, 1)
2
select locate(23, 123, 3);
locate(23, 123, 3)
0
select locate(123456, 123, 9);
locate(123456, 123, 9)
0
select locate(123, 123.4, 1);
locate(123, 123.4, 1)
1
select locate(123, 123.4, 2);
locate(123, 123.4, 2)
0
select locate(123.4, 1234, 4);
locate(123.4, 1234, 4)
0
select locate(123, null, 1);
locate(123, null, 1)
NULL
select locate(123, null, null);
locate(123, null, null)
NULL
select locate(null, 123, 1);
locate(null, 123, 1)
NULL
select locate(null, 123, null);
locate(null, 123, null)
NULL
select locate(123.4, 123.400000, 1);
locate(123.4, 123.400000, 1)
1
select locate(123.4, 123.400000, 2);
locate(123.4, 123.400000, 2)
0
select locate(123.41, 123.400000, 3);
locate(123.41, 123.400000, 3)
0
select locate(123.400000, null, 3);
locate(123.400000, null, 3)
NULL
select locate(null, 123.41, 3);
locate(null, 123.41, 3)
NULL
select locate(null, 123.41, null);
locate(null, 123.41, null)
NULL
select locate(null, 123.41, 126);
locate(null, 123.41, 126)
NULL
drop table if exists test;
create table test(c1 datetime primary key);
insert into test values('2015-5-5');
select locate('201', c1, 1) from test;
locate('201', c1, 1)
1
select locate('', c1 , 1) from test;
locate('', c1 , 1)
1
select locate('haha', c1 , 1) from test;
locate('haha', c1 , 1)
0
select locate('-5',c1 , 1) from test;
locate('-5',c1 , 1)
0
select locate('2015-5-5', c1 , 1) from test;
locate('2015-5-5', c1 , 1)
0
select locate(true, c1 , 1) from test;
locate(true, c1 , 1)
3
select locate(true, c1 , 4) from test;
locate(true, c1 , 4)
0
select locate(201, c1 , 1) from test;
locate(201, c1 , 1)
1
select locate(201.1, c1 , 1) from test;
locate(201.1, c1 , 1)
0
select locate(null, c1 , 1) from test;
locate(null, c1 , 1)
NULL
select locate(c1, null, 1) from test;
locate(c1, null, 1)
NULL
select locate(c1, null, null) from test;
locate(c1, null, null)
NULL
select mod(locate('a','b'),1.000);
mod(locate('a','b'),1.000)
0.000
select ifnull(locate('a','a'),2.345 );
ifnull(locate('a','a'),2.345 )
1.000
drop table if exists test;
issue 40636846
select locate('', '中文', 1);
locate('', '中文', 1)
1
select locate('', '中文', 2);
locate('', '中文', 2)
4
select locate('', '中文', 3);
locate('', '中文', 3)
7
select locate('', '中文', 4);
locate('', '中文', 4)
0
select locate('', '中文', 5);
locate('', '中文', 5)
0
select locate('', '中文', 6);
locate('', '中文', 6)
0
select locate('', '中文', 7);
locate('', '中文', 7)
0
