select length('ab');
length('ab')
2
select length('ab ');
length('ab ')
3
select length('ab\t');
length('ab\t')
3
select length('ab\0');
length('ab\0')
3
select length('\_');
length('\_')
2
select length('\%');
length('\%')
2
select length('\\');
length('\\')
1
select length('\z');
length('\z')
1
select length('\n\t\r\b\0\_\%\\');
length('\n\t\r\b\0\_\%\\')
10
select length('\a');
length('\a')
1
select length('\m');
length('\m')
1
select length(12.466);
length(12.466)
6
select length(4334);
length(4334)
4
select length(0.00);
length(0.00)
4
select length('好');
length('好')
3
select length(13bd);
ERROR 42S22: Unknown column '13bd' in 'field list'
select length(db24);
ERROR 42S22: Unknown column 'db24' in 'field list'
select length(00.000);
length(00.000)
5
select length(00.000);
length(00.000)
5
select length(1.00000);
length(1.00000)
7
select length(10000.10);
length(10000.10)
8
create database if not exists db1;
use db1;
drop table if exists utf,tx,gbk;
create table utf(c1 int primary key, c2 char(10)) collate 'utf8mb4_bin';
insert into utf values(1, '好');
select length(c2) from utf;
length(c2)
3
create table tx(s int(255) zerofill);
insert into tx values (2);
select * from tx;
s
000000000000000000000000000000000000000000000000000000000000000000000000000000000000000000000000000000000000000000000000000000000000000000000000000000000000000000000000000000000000000000000000000000000000000000000000000000000000000000000000000000000000002
select * from tx;
s
000000000000000000000000000000000000000000000000000000000000000000000000000000000000000000000000000000000000000000000000000000000000000000000000000000000000000000000000000000000000000000000000000000000000000000000000000000000000000000000000000000000000002
select * from tx;
s
000000000000000000000000000000000000000000000000000000000000000000000000000000000000000000000000000000000000000000000000000000000000000000000000000000000000000000000000000000000000000000000000000000000000000000000000000000000000000000000000000000000000002
select length(s) from tx;
length(s)
255
drop table tx;
create table tx(s int(121) zerofill);
insert into tx values (1234);
select * from tx;
s
0000000000000000000000000000000000000000000000000000000000000000000000000000000000000000000000000000000000000000000001234
select * from tx;
s
0000000000000000000000000000000000000000000000000000000000000000000000000000000000000000000000000000000000000000000001234
select * from tx;
s
0000000000000000000000000000000000000000000000000000000000000000000000000000000000000000000000000000000000000000000001234
select length(s) from tx;
length(s)
121
drop table tx;
drop database db1;
