set GLOBAL ob_query_timeout = 1000000000000;
set GLOBAL ob_trx_timeout = 10000000000000;
set GLOBAL ob_trx_idle_timeout = 10000000000;
alter system set _lcl_op_interval = '10ms';
drop table if exists t1;
drop table if exists t2;
set ob_query_timeout = 1000000000;
set ob_trx_timeout = 1000000000;
set ob_trx_idle_timeout = 1000000000;
set ob_query_timeout = 1000000000;
set ob_trx_timeout = 1000000000;
set ob_trx_idle_timeout = 1000000000;
create table t1(a int primary key);
create table t2(a int primary key) partition by hash(a) partitions 4;
insert into t1 values(1);
insert into t1 values(2);
insert into t2 values(1);
insert into t2 values(2);
insert into t2 values(3);
insert into t2 values(4);
commit;
begin;
select * from t1 where a = 1 order by a for update;
a
1
begin;
select * from t1 where a = 2 order by a for update;
a
2
select * from t1 where a = 1 order by a for update;
select * from t1 where a = 2 order by a for update;
ERROR HY000: Deadlock
rollback;
a
2
commit;
select * from t1 order by a;
a
1
2
begin;
select * from t2 where a in (1,2) order by a for update;
a
1
2
begin;
select * from t2 where a in (3,4) for update;
a
4
3
select * from t2 where a in (1,2) order by a for update;
select * from t2 where a in (3,4) order by a for update;
ERROR HY000: Deadlock
rollback;
a
3
4
commit;
select * from t2 order by a;
a
1
2
3
4
drop table t1;
drop table t2;
