drop database if exists duptable_database;
create database duptable_database;
use duptable_database;
drop table if exists t1;
drop table if exists t2;
drop table if exists dup_t1;
drop table if exists dup_t2;
drop table if exists dup_t3;
create table t1 (c1 int, c2 int, c3 int, primary key(c1));
create table t2 (c1 int, c2 int, c3 int, primary key(c1));
create table dup_t1 (c1 int, c2 int, c3 int, primary key(c1)) duplicate_scope='cluster';
create table dup_t2 (c1 int, c2 int, c3 int, primary key(c1)) duplicate_scope='cluster';
create table dup_t3 (c1 int, c2 int, c3 int) duplicate_scope='cluster';
insert into t1 values(1, 1, 1);
insert into t1 values(2, 2, 2);
insert into t1 values(3, 3, 3);
insert into t2 values(1, 1, 1);
insert into t2 values(2, 2, 2);
insert into t2 values(4, 4, 4);
insert into dup_t1 select * from t1;
insert into dup_t2 select * from t2;
insert into t1 values(5, 5, 5);
insert into t2 values(5, 5, 5);
insert into dup_t1 values(5, 5, 5);
insert into dup_t2 values(5, 5, 5);
commit;
insert into t1 values(6, 6, 6);
insert into t2 values(6, 6, 6);
insert into dup_t1 values(6, 6, 6);
insert into dup_t2 values(6, 6, 6);
commit;
insert into t1 values(7, 7, 7);
insert into t2 values(7, 7, 7);
insert into dup_t1 values(7, 7, 7);
insert into dup_t2 values(7, 7, 7);
commit;
insert into t1 values(8, 8, 8);
insert into t2 values(8, 8, 8);
insert into dup_t1 values(8, 8, 8);
insert into dup_t2 values(8, 8, 8);
commit;
insert into t1 values(9, 9, 9);
insert into t2 values(9, 9, 9);
insert into dup_t1 values(9, 9, 9);
insert into dup_t2 values(9, 9, 9);
commit;
insert into t1 values(10, 10, 10);
insert into t2 values(10, 10, 10);
insert into dup_t1 values(10, 10, 10);
insert into dup_t2 values(10, 10, 10);
commit;
insert into t1 values(11, 11, 11);
insert into t2 values(11, 11, 11);
insert into dup_t1 values(11, 11, 11);
insert into dup_t2 values(11, 11, 11);
commit;
insert into t1 values(12, 12, 12);
insert into t2 values(12, 12, 12);
insert into dup_t1 values(12, 12, 12);
insert into dup_t2 values(12, 12, 12);
commit;
insert into t1 values(13, 13, 13);
insert into t2 values(13, 13, 13);
insert into dup_t1 values(13, 13, 13);
insert into dup_t2 values(13, 13, 13);
commit;
insert into t1 values(14, 14, 14);
insert into t2 values(14, 14, 14);
insert into dup_t1 values(14, 14, 14);
insert into dup_t2 values(14, 14, 14);
commit;
insert into t1 values(15, 15, 15);
insert into t2 values(15, 15, 15);
insert into dup_t1 values(15, 15, 15);
insert into dup_t2 values(15, 15, 15);
commit;
insert into t1 values(16, 16, 16);
insert into t2 values(16, 16, 16);
insert into dup_t1 values(16, 16, 16);
insert into dup_t2 values(16, 16, 16);
commit;
insert into t1 values(17, 17, 17);
insert into t2 values(17, 17, 17);
insert into dup_t1 values(17, 17, 17);
insert into dup_t2 values(17, 17, 17);
commit;
insert into t1 values(18, 18, 18);
insert into t2 values(18, 18, 18);
insert into dup_t1 values(18, 18, 18);
insert into dup_t2 values(18, 18, 18);
commit;
insert into t1 values(19, 19, 19);
insert into t2 values(19, 19, 19);
insert into dup_t1 values(19, 19, 19);
insert into dup_t2 values(19, 19, 19);
commit;
insert into t1 values(20, 20, 20);
insert into t2 values(20, 20, 20);
insert into dup_t1 values(20, 20, 20);
insert into dup_t2 values(20, 20, 20);
commit;
insert into t1 values(21, 21, 21);
insert into t2 values(21, 21, 21);
insert into dup_t1 values(21, 21, 21);
insert into dup_t2 values(21, 21, 21);
commit;
insert into t1 values(22, 22, 22);
insert into t2 values(22, 22, 22);
insert into dup_t1 values(22, 22, 22);
insert into dup_t2 values(22, 22, 22);
commit;
insert into t1 values(23, 23, 23);
insert into t2 values(23, 23, 23);
insert into dup_t1 values(23, 23, 23);
insert into dup_t2 values(23, 23, 23);
commit;
insert into t1 values(24, 24, 24);
insert into t2 values(24, 24, 24);
insert into dup_t1 values(24, 24, 24);
insert into dup_t2 values(24, 24, 24);
commit;
ls_state
LEADER
ls_state
LEADER
ls_state
LEADER
ls_state
LEADER
c1	c2	c3	c1	c2	c3
c1	c2	c3	c1	c2	c3
c1	c2	c3	c1	c2	c3
c1	c2	c3	c1	c2	c3
ls_state
LEADER
ls_state
LEADER
ls_state
LEADER
ls_state
LEADER
count(*)
23
c1	c2	c3	c1	c2	c3
c1	c2	c3	c1	c2	c3
c1	c2	c3	c1	c2	c3
c1	c2	c3	c1	c2	c3
use duptable_database;
insert into dup_t3 select * from dup_t2;
select count(*) from dup_t3;
count(*)
46
c1	c2	c3	c1	c2	c3
c1	c2	c3	c1	c2	c3
c1	c2	c3	c1	c2	c3
c1	c2	c3	c1	c2	c3
c1	c2	c3	c1	c2	c3
c1	c2	c3	c1	c2	c3
c1	c2	c3	c1	c2	c3
c1	c2	c3	c1	c2	c3
c1	c2	c3	c1	c2	c3
c1	c2	c3	c1	c2	c3
c1	c2	c3	c1	c2	c3
c1	c2	c3	c1	c2	c3
