result_format: 4



set @@ob_enable_plan_cache = 0;

select repeat("abc", -1);
+-------------------+
| repeat("abc", -1) |
+-------------------+
|                   |
+-------------------+
select repeat("abc", 0);
+------------------+
| repeat("abc", 0) |
+------------------+
|                  |
+------------------+
select repeat("abc", 1);
+------------------+
| repeat("abc", 1) |
+------------------+
| abc              |
+------------------+
select repeat("abc", 2);
+------------------+
| repeat("abc", 2) |
+------------------+
| abcabc           |
+------------------+
select repeat("abc", 3);
+------------------+
| repeat("abc", 3) |
+------------------+
| abcabcabc        |
+------------------+

select repeat("abc", "2.1");
+----------------------+
| repeat("abc", "2.1") |
+----------------------+
| abcabc               |
+----------------------+
select repeat("abc", "2.9");
+----------------------+
| repeat("abc", "2.9") |
+----------------------+
| abcabc               |
+----------------------+

select repeat("", 2);
+---------------+
| repeat("", 2) |
+---------------+
|               |
+---------------+
select repeat(NULL, 2);
+-----------------+
| repeat(NULL, 2) |
+-----------------+
| NULL            |
+-----------------+
select repeat("abc", NULL);
+---------------------+
| repeat("abc", NULL) |
+---------------------+
| NULL                |
+---------------------+
select repeat(1.414, 1);
+------------------+
| repeat(1.414, 1) |
+------------------+
| 1.414            |
+------------------+
select repeat(1.414, 2);
+------------------+
| repeat(1.414, 2) |
+------------------+
| 1.4141.414       |
+------------------+

drop table t2;
create table t2 as select repeat('a', 512),repeat('a', 513),repeat('a',32767),repeat('a',32768),repeat('a',65535),repeat('a',65536) from dual;
desc t2;
+-------------------+--------------+------+-----+---------+-------+
| Field             | Type         | Null | Key | Default | Extra |
+-------------------+--------------+------+-----+---------+-------+
| repeat('a', 512)  | varchar(512) | YES  |     | NULL    |       |
| repeat('a', 513)  | text         | YES  |     | NULL    |       |
| repeat('a',32767) | text         | YES  |     | NULL    |       |
| repeat('a',32768) | text         | YES  |     | NULL    |       |
| repeat('a',65535) | text         | YES  |     | NULL    |       |
| repeat('a',65536) | longtext     | YES  |     | NULL    |       |
+-------------------+--------------+------+-----+---------+-------+
drop table t2;

create table t2(c1 text, c2 mediumtext, c3 longtext);
insert into t2 values('a','b','c');
select repeat(c1, 10),repeat(c2,10),repeat(c3,10) from t2;
+----------------+---------------+---------------+
| repeat(c1, 10) | repeat(c2,10) | repeat(c3,10) |
+----------------+---------------+---------------+
| aaaaaaaaaa     | bbbbbbbbbb    | cccccccccc    |
+----------------+---------------+---------------+
drop table t2;

