result_format: 4
explain_protocol: 0
set @@ob_enable_plan_cache = 0;
drop table if exists t1, t2;
create table t1 (c1 int, c2 int unsigned, 
    c3 tinyint, c4 tinyint unsigned,
    c5 smallint, c6 smallint unsigned,
    c7 mediumint, c8 mediumint unsigned,
    c9 integer, c10 integer unsigned,
    c11 bigint, c12 bigint unsigned,
    c13 float, c14 float unsigned, 
    c15 double, c16 double unsigned, 
    c17 decimal, c18 decimal unsigned, 
    c19 datetime, c20 timestamp, 
    c21 varchar(30), c22 char(30), c_null int);
insert into t1 values(1, 2, 
    1, 2, 
    1, 2, 
    1, 2, 
    1, 2, 
    1, 2, 
    3.5, 4.5, 
    5.5, 6.5,
    7.5, 8.5,
    '2019-12-01 12:00:00', '2019-12-03 06:00:00', 
    '9.5', '10.5', null);
Warnings:
Warning	1265	Data truncated for column 'c17' at row 1
Warning	1265	Data truncated for column '"oceanbase"."t1"."c18"' at row 1
insert into t1 values(-1, 2, 
    -1, 2, 
    -1, 2, 
    -1, 2, 
    -1, 2, 
    -1, 2, 
    -3.5, 4.5, 
    -5.5, 6.5,
    -7.5, 8.5,
    '2019-12-01 12:00:00', '2019-12-03 06:00:00', 
    '-9.5', '10.5', null);
Warnings:
Warning	1265	Data truncated for column 'c17' at row 1
Warning	1265	Data truncated for column '"oceanbase"."t1"."c18"' at row 1
create table t2(col_int int, col_utf8 varchar(100) charset utf8, 
                col_utf16 varchar(100) charset utf16,
                col_gbk varchar(100) charset gbk);
insert into t2 values(1, 'a', 'a', 'a');
insert into t2 values(-1, '中国', '中文', '中文');
insert into t2 values(256, ' 中国', ' 中文', '中文');

select ascii(c_null) from t1;
+---------------+
| ascii(c_null) |
+---------------+
|          NULL |
|          NULL |
+---------------+
select ord(c_null) from t1;
+-------------+
| ord(c_null) |
+-------------+
|        NULL |
|        NULL |
+-------------+

select c1, ascii(c1), ord(c1) from t1;
+------+-----------+---------+
| c1   | ascii(c1) | ord(c1) |
+------+-----------+---------+
|    1 |        49 |      49 |
|   -1 |        45 |      45 |
+------+-----------+---------+
select c2, ascii(c2), ord(c2) from t1;
+------+-----------+---------+
| c2   | ascii(c2) | ord(c2) |
+------+-----------+---------+
|    2 |        50 |      50 |
|    2 |        50 |      50 |
+------+-----------+---------+
select c3, ascii(c3), ord(c3) from t1;
+------+-----------+---------+
| c3   | ascii(c3) | ord(c3) |
+------+-----------+---------+
|    1 |        49 |      49 |
|   -1 |        45 |      45 |
+------+-----------+---------+
select c4, ascii(c4), ord(c4) from t1;
+------+-----------+---------+
| c4   | ascii(c4) | ord(c4) |
+------+-----------+---------+
|    2 |        50 |      50 |
|    2 |        50 |      50 |
+------+-----------+---------+
select c5, ascii(c5), ord(c5) from t1;
+------+-----------+---------+
| c5   | ascii(c5) | ord(c5) |
+------+-----------+---------+
|    1 |        49 |      49 |
|   -1 |        45 |      45 |
+------+-----------+---------+
select c6, ascii(c6), ord(c6) from t1;
+------+-----------+---------+
| c6   | ascii(c6) | ord(c6) |
+------+-----------+---------+
|    2 |        50 |      50 |
|    2 |        50 |      50 |
+------+-----------+---------+
select c7, ascii(c7), ord(c7) from t1;
+------+-----------+---------+
| c7   | ascii(c7) | ord(c7) |
+------+-----------+---------+
|    1 |        49 |      49 |
|   -1 |        45 |      45 |
+------+-----------+---------+
select c8, ascii(c8), ord(c8) from t1;
+------+-----------+---------+
| c8   | ascii(c8) | ord(c8) |
+------+-----------+---------+
|    2 |        50 |      50 |
|    2 |        50 |      50 |
+------+-----------+---------+
select c9, ascii(c9), ord(c9) from t1;
+------+-----------+---------+
| c9   | ascii(c9) | ord(c9) |
+------+-----------+---------+
|    1 |        49 |      49 |
|   -1 |        45 |      45 |
+------+-----------+---------+
select c10, ascii(c10), ord(c10) from t1;
+------+------------+----------+
| c10  | ascii(c10) | ord(c10) |
+------+------------+----------+
|    2 |         50 |       50 |
|    2 |         50 |       50 |
+------+------------+----------+
select c11, ascii(c11), ord(c11) from t1;
+------+------------+----------+
| c11  | ascii(c11) | ord(c11) |
+------+------------+----------+
|    1 |         49 |       49 |
|   -1 |         45 |       45 |
+------+------------+----------+
select c12, ascii(c12), ord(c12) from t1;
+------+------------+----------+
| c12  | ascii(c12) | ord(c12) |
+------+------------+----------+
|    2 |         50 |       50 |
|    2 |         50 |       50 |
+------+------------+----------+
select c13, ascii(c13), ord(c13) from t1;
+------+------------+----------+
| c13  | ascii(c13) | ord(c13) |
+------+------------+----------+
|  3.5 |         51 |       51 |
| -3.5 |         45 |       45 |
+------+------------+----------+
select c14, ascii(c14), ord(c14) from t1;
+------+------------+----------+
| c14  | ascii(c14) | ord(c14) |
+------+------------+----------+
|  4.5 |         52 |       52 |
|  4.5 |         52 |       52 |
+------+------------+----------+
select c15, ascii(c15), ord(c15) from t1;
+------+------------+----------+
| c15  | ascii(c15) | ord(c15) |
+------+------------+----------+
|  5.5 |         53 |       53 |
| -5.5 |         45 |       45 |
+------+------------+----------+
select c16, ascii(c16), ord(c16) from t1;
+------+------------+----------+
| c16  | ascii(c16) | ord(c16) |
+------+------------+----------+
|  6.5 |         54 |       54 |
|  6.5 |         54 |       54 |
+------+------------+----------+
select c17, ascii(c17), ord(c17) from t1;
+------+------------+----------+
| c17  | ascii(c17) | ord(c17) |
+------+------------+----------+
|    8 |         56 |       56 |
|   -8 |         45 |       45 |
+------+------------+----------+
select c18, ascii(c18), ord(c18) from t1;
+------+------------+----------+
| c18  | ascii(c18) | ord(c18) |
+------+------------+----------+
|    9 |         57 |       57 |
|    9 |         57 |       57 |
+------+------------+----------+
select c19, ascii(c19), ord(c19) from t1;
+---------------------+------------+----------+
| c19                 | ascii(c19) | ord(c19) |
+---------------------+------------+----------+
| 2019-12-01 12:00:00 |         50 |       50 |
| 2019-12-01 12:00:00 |         50 |       50 |
+---------------------+------------+----------+
select c20, ascii(c20), ord(c20) from t1;
+---------------------+------------+----------+
| c20                 | ascii(c20) | ord(c20) |
+---------------------+------------+----------+
| 2019-12-03 06:00:00 |         50 |       50 |
| 2019-12-03 06:00:00 |         50 |       50 |
+---------------------+------------+----------+
select c21, ascii(c21), ord(c21) from t1;
+------+------------+----------+
| c21  | ascii(c21) | ord(c21) |
+------+------------+----------+
| 9.5  |         57 |       57 |
| -9.5 |         45 |       45 |
+------+------------+----------+
select c22, ascii(c22), ord(c22) from t1;
+------+------------+----------+
| c22  | ascii(c22) | ord(c22) |
+------+------------+----------+
| 10.5 |         49 |       49 |
| 10.5 |         49 |       49 |
+------+------------+----------+

select col_int, ascii(col_int), ord(col_int) from t2;
+---------+----------------+--------------+
| col_int | ascii(col_int) | ord(col_int) |
+---------+----------------+--------------+
|       1 |             49 |           49 |
|      -1 |             45 |           45 |
|     256 |             50 |           50 |
+---------+----------------+--------------+
select col_utf8, ascii(col_utf8), ord(col_utf8) from t2;
+----------+-----------------+---------------+
| col_utf8 | ascii(col_utf8) | ord(col_utf8) |
+----------+-----------------+---------------+
| a        |              97 |            97 |
| 中国     |             228 |      14989485 |
|  中国    |              32 |            32 |
+----------+-----------------+---------------+
select col_utf16, ascii(col_utf16), ord(col_utf16) from t2;
+-----------+------------------+----------------+
| col_utf16 | ascii(col_utf16) | ord(col_utf16) |
+-----------+------------------+----------------+
| a         |                0 |             97 |
| 中文      |               78 |          20013 |
|  中文     |                0 |             32 |
+-----------+------------------+----------------+
select col_gbk, ascii(col_gbk), ord(col_gbk) from t2;
+---------+----------------+--------------+
| col_gbk | ascii(col_gbk) | ord(col_gbk) |
+---------+----------------+--------------+
| a       |             97 |           97 |
| 中文    |            214 |        54992 |
| 中文    |            214 |        54992 |
+---------+----------------+--------------+

