result_format: 4

drop table if exists t1;
create table t1 (c1 int, c2 int);
drop table if exists t2;
create table t2 (c1 int auto_increment primary key, c2 int);
drop table if exists t3;
create table t3 (c1 int unsigned auto_increment primary key, c2 int);
drop table if exists t4;
create table t4 (c1 float auto_increment primary key, c2 int);
drop table if exists t5;
create table t5 (c1 double auto_increment primary key, c2 int);


set @@ob_enable_plan_cache = 0;

insert into t1 (c1, c2) values (1, 1);
insert into t1 (c1, c2) values (1, 1);
select * from t1;
+------+------+
| c1   | c2   |
+------+------+
|    1 |    1 |
|    1 |    1 |
+------+------+

explain insert into t2 (c1, c2) values ('0', '1');
Query Plan
==================================================
|ID|OPERATOR          |NAME|EST.ROWS|EST.TIME(us)|
--------------------------------------------------
|0 |DISTRIBUTED INSERT|    |1       |13          |
|1 |└─EXPRESSION      |    |1       |1           |
==================================================
Outputs & filters:
-------------------------------------
  0 - output(nil), filter(nil)
      columns([{t2: ({t2: (t2.c1, t2.c2)})}]), 
      column_values([column_conv(INT,PS:(11,0),NOT NULL,t2.c1.nextval(column_conv(INT,PS:(11,0),NOT NULL,__values.c1)))], [column_conv(INT,PS:(11,0),NULL,
      __values.c2)])
  1 - output([__values.c1], [__values.c2]), filter(nil)
      values({'0', '1'})

insert into t2 (c1, c2) values (NULL, '1');
insert into t2 (c1, c2) values (0, '2');
insert into t2 (c2) values ('3');
insert into t2 (c1, c2) values (-5, '4');
insert into t2 (c1, c2) values (10, '5');
insert into t2 (c1, c2) values (0, '6');
insert into t2 (c1, c2) values ('0', '7');
insert into t2 (c1, c2) values ('-10', '8');
insert into t2 (c1, c2) values (-12.1, '9');
insert into t2 (c1, c2) values (-13.9, '10');
insert into t2 (c1, c2) values ('abc', '11');
ERROR HY000: Incorrect integer value for column 'c1' at row 1
insert into t2 (c1, c2) values (0.0, '12');
select * from t2;
+-----+------+
| c1  | c2   |
+-----+------+
| -14 |   10 |
| -12 |    9 |
| -10 |    8 |
|  -5 |    4 |
|   1 |    1 |
|   2 |    2 |
|   3 |    3 |
|  10 |    5 |
|  11 |    6 |
|  12 |    7 |
|  13 |   12 |
+-----+------+

insert into t3 (c1, c2) values (NULL, '1');
insert into t3 (c1, c2) values (-1, '2');
ERROR 22003: Out of range value for column 'c1' at row 1
insert into t3 (c1, c2) values (0, '3');
insert into t3 (c1, c2) values (10, '4');
insert into t3 (c1, c2) values (0, '5');
select * from t3;
+----+------+
| c1 | c2   |
+----+------+
|  1 |    1 |
|  2 |    3 |
| 10 |    4 |
| 11 |    5 |
+----+------+

insert into t4 (c1, c2) values (NULL, '1');
insert into t4 (c1, c2) values (0, '2');
insert into t4 (c1, c2) values ('0', '3');
insert into t4 (c1, c2) values (0.0, '4');
insert into t4 (c1, c2) values (-10.12, '5');
insert into t4 (c1, c2) values (0, '6');
insert into t4 (c1, c2) values (10.5, '7');
insert into t4 (c1, c2) values (0, '8');
select * from t4;
+--------+------+
| c1     | c2   |
+--------+------+
| -10.12 |    5 |
|      1 |    1 |
|      2 |    2 |
|      3 |    3 |
|      4 |    4 |
|      5 |    6 |
|   10.5 |    7 |
|     12 |    8 |
+--------+------+

insert into t5 (c1, c2) values (NULL, '1');
insert into t5 (c1, c2) values (0, '2');
insert into t5 (c1, c2) values ('0', '3');
insert into t5 (c1, c2) values (0.0, '4');
insert into t5 (c1, c2) values (-10.12, '5');
insert into t5 (c1, c2) values (0, '6');
insert into t5 (c1, c2) values (10.5, '7');
insert into t5 (c1, c2) values (0, '8');
select * from t5;
+--------+------+
| c1     | c2   |
+--------+------+
| -10.12 |    5 |
|      1 |    1 |
|      2 |    2 |
|      3 |    3 |
|      4 |    4 |
|      5 |    6 |
|   10.5 |    7 |
|     12 |    8 |
+--------+------+

set sql_mode = '';
insert into t3 (c1, c2) values ("abc", '6');
select * from t3;
+----+------+
| c1 | c2   |
+----+------+
|  1 |    1 |
|  2 |    3 |
| 10 |    4 |
| 11 |    5 |
| 12 |    6 |
+----+------+

