result_format: 4

drop table if exists t1;
create table t1 (c1 varchar(100) CHARACTER SET  utf8, c2 varchar(100) CHARACTER SET  utf8, c3 varchar(100) CHARACTER set  utf16, c4 varchar(100) CHARACTER set  utf16);
insert into t1 (c1, c2, c3, c4) values ('abcdef', 'b', 'xybkkbdedess', 'de');


set @@ob_enable_plan_cache = 0;

select replace('abcdbf', 'b', 'cc');
+------------------------------+
| replace('abcdbf', 'b', 'cc') |
+------------------------------+
| acccdccf                     |
+------------------------------+
select replace('abcdbf', 'b');
ERROR 42000: Incorrect parameter count in the call to native function 'replace'
select replace('abcdbf', 'b', '');
+----------------------------+
| replace('abcdbf', 'b', '') |
+----------------------------+
| acdf                       |
+----------------------------+
select replace('abcdbf', '', 'cc');
+-----------------------------+
| replace('abcdbf', '', 'cc') |
+-----------------------------+
| abcdbf                      |
+-----------------------------+
select replace('', 'b', 'cc');
+------------------------+
| replace('', 'b', 'cc') |
+------------------------+
|                        |
+------------------------+
select replace(NULL, 'b', 'cc');
+--------------------------+
| replace(NULL, 'b', 'cc') |
+--------------------------+
| NULL                     |
+--------------------------+
select replace('abcdbf', NULL, 'cc');
+-------------------------------+
| replace('abcdbf', NULL, 'cc') |
+-------------------------------+
| NULL                          |
+-------------------------------+
select replace('abcdbf', 'b', NULL);
+------------------------------+
| replace('abcdbf', 'b', NULL) |
+------------------------------+
| NULL                         |
+------------------------------+
select replace('abc', 'abc', '');
+---------------------------+
| replace('abc', 'abc', '') |
+---------------------------+
|                           |
+---------------------------+

select replace(c1, c2, c4) from t1;
+---------------------+
| replace(c1, c2, c4) |
+---------------------+
| adecdef             |
+---------------------+
select replace(c1, c4, c2) from t1;
+---------------------+
| replace(c1, c4, c2) |
+---------------------+
| abcbf               |
+---------------------+
select replace(c1, c4, c3) from t1;
+---------------------+
| replace(c1, c4, c3) |
+---------------------+
| abcxybkkbdedessf    |
+---------------------+
select replace(c3, c4, c2) from t1;
+---------------------+
| replace(c3, c4, c2) |
+---------------------+
| xybkkbbbss          |
+---------------------+
select replace(c3, c2, c4) from t1;
+---------------------+
| replace(c3, c2, c4) |
+---------------------+
| xydekkdededess      |
+---------------------+
select replace(c3, c2, c3) from t1;
+------------------------------------+
| replace(c3, c2, c3)                |
+------------------------------------+
| xyxybkkbdedesskkxybkkbdedessdedess |
+------------------------------------+

