result_format: 4
drop table if exists t1;
create table t1 (c1 int, c2 int unsigned,
    c3 tinyint, c4 tinyint unsigned,
    c5 bigint, c6 bigint unsigned,
    c7 float, c8 float unsigned,
    c9 double, c10 double unsigned,
    c11 decimal, c12 decimal unsigned,
    c13 date, c14 datetime, c15 timestamp,
    c16 varchar(60), c17 char(60));
select * from t1;
+------+------+------+------+------+------+------+------+------+------+------+------+------+------+------+------+------+
| c1   | c2   | c3   | c4   | c5   | c6   | c7   | c8   | c9   | c10  | c11  | c12  | c13  | c14  | c15  | c16  | c17  |
+------+------+------+------+------+------+------+------+------+------+------+------+------+------+------+------+------+
+------+------+------+------+------+------+------+------+------+------+------+------+------+------+------+------+------+
insert into t1 values(null, null, null, null, null, null, null, null, null, null, null, null, null, null, null, null, null);
insert into t1 values(0, 0, 0, 0, 0, 0, 0, 0, 0, 0, 0, 0, '0000-00-00', '0000-00-00 00:00:00', '0000-00-00 00:00:00', '', '');
insert into t1 values(1, 2, 3, 4, 5, 6, 7, 8, 9, 10, 11, 12, '0013-01-01', '0014-01-01', '0015-01-01', '16abcDeFG00', '16abcDeFG00');
insert into t1 values(-1, 2, -3, 4, -5, 6, -7, 8, -9, 10, -11, 12, '0013-01-01', '0014-01-01 00:00:00', '0015-01-01 00:00:00', '=[]-+,/;<>?.*~!@#$%^&*()', '=[]-+,/;<>?.*~!@#$%^&*()');
insert into t1 values(1234567, 7654321, -33, 44, 555555555, 666666666, 777.777, 8888.888, 99999.999999, 10000.00000, 1111, 121212121, '0013-01-01', '0014-01-01 00:00:11', '0015-01-01 00:00:11', 'abcdefghijklmnopqrstuvwxyzABCDEFGHIJKLMNOPQRSTUVWXYZ', 'abcdefghijklmnopqrstuvwxyzABCDEFGHIJKLMNOPQRSTUVWXYZ');

set @@ob_enable_plan_cache = 0;

select c1, lower(c1), upper(c1) from t1;
+---------+-----------+-----------+
| c1      | lower(c1) | upper(c1) |
+---------+-----------+-----------+
|    NULL | NULL      | NULL      |
|       0 | 0         | 0         |
|       1 | 1         | 1         |
|      -1 | -1        | -1        |
| 1234567 | 1234567   | 1234567   |
+---------+-----------+-----------+
select c2, lower(c2), upper(c2) from t1;
+---------+-----------+-----------+
| c2      | lower(c2) | upper(c2) |
+---------+-----------+-----------+
|    NULL | NULL      | NULL      |
|       0 | 0         | 0         |
|       2 | 2         | 2         |
|       2 | 2         | 2         |
| 7654321 | 7654321   | 7654321   |
+---------+-----------+-----------+
select c3, lower(c3), upper(c3) from t1;
+------+-----------+-----------+
| c3   | lower(c3) | upper(c3) |
+------+-----------+-----------+
| NULL | NULL      | NULL      |
|    0 | 0         | 0         |
|    3 | 3         | 3         |
|   -3 | -3        | -3        |
|  -33 | -33       | -33       |
+------+-----------+-----------+
select c4, lower(c4), upper(c4) from t1;
+------+-----------+-----------+
| c4   | lower(c4) | upper(c4) |
+------+-----------+-----------+
| NULL | NULL      | NULL      |
|    0 | 0         | 0         |
|    4 | 4         | 4         |
|    4 | 4         | 4         |
|   44 | 44        | 44        |
+------+-----------+-----------+
select c5, lower(c5), upper(c5) from t1;
+-----------+-----------+-----------+
| c5        | lower(c5) | upper(c5) |
+-----------+-----------+-----------+
|      NULL | NULL      | NULL      |
|         0 | 0         | 0         |
|         5 | 5         | 5         |
|        -5 | -5        | -5        |
| 555555555 | 555555555 | 555555555 |
+-----------+-----------+-----------+
select c6, lower(c6), upper(c6) from t1;
+-----------+-----------+-----------+
| c6        | lower(c6) | upper(c6) |
+-----------+-----------+-----------+
|      NULL | NULL      | NULL      |
|         0 | 0         | 0         |
|         6 | 6         | 6         |
|         6 | 6         | 6         |
| 666666666 | 666666666 | 666666666 |
+-----------+-----------+-----------+
select c7, lower(c7), upper(c7) from t1;
+---------+-----------+-----------+
| c7      | lower(c7) | upper(c7) |
+---------+-----------+-----------+
|    NULL | NULL      | NULL      |
|       0 | 0         | 0         |
|       7 | 7         | 7         |
|      -7 | -7        | -7        |
| 777.777 | 777.777   | 777.777   |
+---------+-----------+-----------+
select c8, lower(c8), upper(c8) from t1;
+---------+-----------+-----------+
| c8      | lower(c8) | upper(c8) |
+---------+-----------+-----------+
|    NULL | NULL      | NULL      |
|       0 | 0         | 0         |
|       8 | 8         | 8         |
|       8 | 8         | 8         |
| 8888.89 | 8888.89   | 8888.89   |
+---------+-----------+-----------+
select c9, lower(c9), upper(c9) from t1;
+--------------+--------------+--------------+
| c9           | lower(c9)    | upper(c9)    |
+--------------+--------------+--------------+
|         NULL | NULL         | NULL         |
|            0 | 0            | 0            |
|            9 | 9            | 9            |
|           -9 | -9           | -9           |
| 99999.999999 | 99999.999999 | 99999.999999 |
+--------------+--------------+--------------+
select c10, lower(c10), upper(c10) from t1;
+-------+------------+------------+
| c10   | lower(c10) | upper(c10) |
+-------+------------+------------+
|  NULL | NULL       | NULL       |
|     0 | 0          | 0          |
|    10 | 10         | 10         |
|    10 | 10         | 10         |
| 10000 | 10000      | 10000      |
+-------+------------+------------+
select c11, lower(c11), upper(c11) from t1;
+------+------------+------------+
| c11  | lower(c11) | upper(c11) |
+------+------------+------------+
| NULL | NULL       | NULL       |
|    0 | 0          | 0          |
|   11 | 11         | 11         |
|  -11 | -11        | -11        |
| 1111 | 1111       | 1111       |
+------+------------+------------+
select c12, lower(c12), upper(c12) from t1;
+-----------+------------+------------+
| c12       | lower(c12) | upper(c12) |
+-----------+------------+------------+
|      NULL | NULL       | NULL       |
|         0 | 0          | 0          |
|        12 | 12         | 12         |
|        12 | 12         | 12         |
| 121212121 | 121212121  | 121212121  |
+-----------+------------+------------+
select c13, lower(c13), upper(c13) from t1;
+------------+------------+------------+
| c13        | lower(c13) | upper(c13) |
+------------+------------+------------+
| NULL       | NULL       | NULL       |
| 0000-00-00 | 0000-00-00 | 0000-00-00 |
| 0013-01-01 | 0013-01-01 | 0013-01-01 |
| 0013-01-01 | 0013-01-01 | 0013-01-01 |
| 0013-01-01 | 0013-01-01 | 0013-01-01 |
+------------+------------+------------+
select c14, lower(c14), upper(c14) from t1;
+---------------------+---------------------+---------------------+
| c14                 | lower(c14)          | upper(c14)          |
+---------------------+---------------------+---------------------+
| NULL                | NULL                | NULL                |
| 0000-00-00 00:00:00 | 0000-00-00 00:00:00 | 0000-00-00 00:00:00 |
| 0014-01-01 00:00:00 | 0014-01-01 00:00:00 | 0014-01-01 00:00:00 |
| 0014-01-01 00:00:00 | 0014-01-01 00:00:00 | 0014-01-01 00:00:00 |
| 0014-01-01 00:00:11 | 0014-01-01 00:00:11 | 0014-01-01 00:00:11 |
+---------------------+---------------------+---------------------+
select c15, lower(c15), upper(c15) from t1;
+---------------------+---------------------+---------------------+
| c15                 | lower(c15)          | upper(c15)          |
+---------------------+---------------------+---------------------+
| NULL                | NULL                | NULL                |
| 0000-00-00 00:00:00 | 0000-00-00 00:00:00 | 0000-00-00 00:00:00 |
| 0015-01-01 00:00:00 | 0015-01-01 00:00:00 | 0015-01-01 00:00:00 |
| 0015-01-01 00:00:00 | 0015-01-01 00:00:00 | 0015-01-01 00:00:00 |
| 0015-01-01 00:00:11 | 0015-01-01 00:00:11 | 0015-01-01 00:00:11 |
+---------------------+---------------------+---------------------+
select c16, lower(c16), upper(c16) from t1;
+------------------------------------------------------+------------------------------------------------------+------------------------------------------------------+
| c16                                                  | lower(c16)                                           | upper(c16)                                           |
+------------------------------------------------------+------------------------------------------------------+------------------------------------------------------+
| NULL                                                 | NULL                                                 | NULL                                                 |
|                                                      |                                                      |                                                      |
| 16abcDeFG00                                          | 16abcdefg00                                          | 16ABCDEFG00                                          |
| =[]-+,/;<>?.*~!@#$%^&*()                             | =[]-+,/;<>?.*~!@#$%^&*()                             | =[]-+,/;<>?.*~!@#$%^&*()                             |
| abcdefghijklmnopqrstuvwxyzABCDEFGHIJKLMNOPQRSTUVWXYZ | abcdefghijklmnopqrstuvwxyzabcdefghijklmnopqrstuvwxyz | ABCDEFGHIJKLMNOPQRSTUVWXYZABCDEFGHIJKLMNOPQRSTUVWXYZ |
+------------------------------------------------------+------------------------------------------------------+------------------------------------------------------+
select c17, lower(c17), upper(c17) from t1;
+------------------------------------------------------+------------------------------------------------------+------------------------------------------------------+
| c17                                                  | lower(c17)                                           | upper(c17)                                           |
+------------------------------------------------------+------------------------------------------------------+------------------------------------------------------+
| NULL                                                 | NULL                                                 | NULL                                                 |
|                                                      |                                                      |                                                      |
| 16abcDeFG00                                          | 16abcdefg00                                          | 16ABCDEFG00                                          |
| =[]-+,/;<>?.*~!@#$%^&*()                             | =[]-+,/;<>?.*~!@#$%^&*()                             | =[]-+,/;<>?.*~!@#$%^&*()                             |
| abcdefghijklmnopqrstuvwxyzABCDEFGHIJKLMNOPQRSTUVWXYZ | abcdefghijklmnopqrstuvwxyzabcdefghijklmnopqrstuvwxyz | ABCDEFGHIJKLMNOPQRSTUVWXYZABCDEFGHIJKLMNOPQRSTUVWXYZ |
+------------------------------------------------------+------------------------------------------------------+------------------------------------------------------+

drop table t1;
