result_format: 4
drop table if exists t1;
create table t1 (c1 int, c2 int unsigned,
    c3 tinyint, c4 tinyint unsigned,
    c5 bigint, c6 bigint unsigned,
    c7 float, c8 float unsigned,
    c9 double, c10 double unsigned,
    c11 decimal, c12 decimal unsigned,
    c13 date, c14 datetime, c15 timestamp,
    c16 varchar(30), c17 char(30));
select * from t1;
+------+------+------+------+------+------+------+------+------+------+------+------+------+------+------+------+------+
| c1   | c2   | c3   | c4   | c5   | c6   | c7   | c8   | c9   | c10  | c11  | c12  | c13  | c14  | c15  | c16  | c17  |
+------+------+------+------+------+------+------+------+------+------+------+------+------+------+------+------+------+
+------+------+------+------+------+------+------+------+------+------+------+------+------+------+------+------+------+
insert into t1 values(null, null, null, null, null, null, null, null, null, null, null, null, null, null, null, null, null);
insert into t1 values(0, 0, 0, 0, 0, 0, 0, 0, 0, 0, 0, 0, '0000-00-00', '0000-00-00 00:00:00', '0000-00-00 00:00:00', '', '');
insert into t1 values(1, 2, 3, 4, 5, 6, 7, 8, 9, 10, 11, 12, '0013-01-01', '0014-01-01', '0015-01-01', '16', '17');
insert into t1 values(-1, 2, -3, 4, -5, 6, -7, 8, -9, 10, -11, 12, '0013-01-01', '0014-01-01 00:00:00', '0015-01-01 00:00:00', '-16', '-17');
insert into t1 values(1234567, 7654321, -33, 44, 555555555, 666666666, 777.777, 8888.888, 99999.999999, 10000.00000, 1111, 121212121, '0013-01-01', '0014-01-01 00:00:11', '0015-01-01 00:00:11', 'sadfsadfdsafasasdf', 'asdffdsafadsfdsafsad');

set @@ob_enable_plan_cache = 0;

select c1, length(c1) from t1;
+---------+------------+
| c1      | length(c1) |
+---------+------------+
|    NULL |       NULL |
|       0 |          1 |
|       1 |          1 |
|      -1 |          2 |
| 1234567 |          7 |
+---------+------------+
select c2, length(c2) from t1;
+---------+------------+
| c2      | length(c2) |
+---------+------------+
|    NULL |       NULL |
|       0 |          1 |
|       2 |          1 |
|       2 |          1 |
| 7654321 |          7 |
+---------+------------+
select c3, length(c3) from t1;
+------+------------+
| c3   | length(c3) |
+------+------------+
| NULL |       NULL |
|    0 |          1 |
|    3 |          1 |
|   -3 |          2 |
|  -33 |          3 |
+------+------------+
select c4, length(c4) from t1;
+------+------------+
| c4   | length(c4) |
+------+------------+
| NULL |       NULL |
|    0 |          1 |
|    4 |          1 |
|    4 |          1 |
|   44 |          2 |
+------+------------+
select c5, length(c5) from t1;
+-----------+------------+
| c5        | length(c5) |
+-----------+------------+
|      NULL |       NULL |
|         0 |          1 |
|         5 |          1 |
|        -5 |          2 |
| 555555555 |          9 |
+-----------+------------+
select c6, length(c6) from t1;
+-----------+------------+
| c6        | length(c6) |
+-----------+------------+
|      NULL |       NULL |
|         0 |          1 |
|         6 |          1 |
|         6 |          1 |
| 666666666 |          9 |
+-----------+------------+
select c7, length(c7) from t1;
+---------+------------+
| c7      | length(c7) |
+---------+------------+
|    NULL |       NULL |
|       0 |          1 |
|       7 |          1 |
|      -7 |          2 |
| 777.777 |          7 |
+---------+------------+
select c8, length(c8) from t1;
+---------+------------+
| c8      | length(c8) |
+---------+------------+
|    NULL |       NULL |
|       0 |          1 |
|       8 |          1 |
|       8 |          1 |
| 8888.89 |          7 |
+---------+------------+
select c9, length(c9) from t1;
+--------------+------------+
| c9           | length(c9) |
+--------------+------------+
|         NULL |       NULL |
|            0 |          1 |
|            9 |          1 |
|           -9 |          2 |
| 99999.999999 |         12 |
+--------------+------------+
select c10, length(c10) from t1;
+-------+-------------+
| c10   | length(c10) |
+-------+-------------+
|  NULL |        NULL |
|     0 |           1 |
|    10 |           2 |
|    10 |           2 |
| 10000 |           5 |
+-------+-------------+
select c11, length(c11) from t1;
+------+-------------+
| c11  | length(c11) |
+------+-------------+
| NULL |        NULL |
|    0 |           1 |
|   11 |           2 |
|  -11 |           3 |
| 1111 |           4 |
+------+-------------+
select c12, length(c12) from t1;
+-----------+-------------+
| c12       | length(c12) |
+-----------+-------------+
|      NULL |        NULL |
|         0 |           1 |
|        12 |           2 |
|        12 |           2 |
| 121212121 |           9 |
+-----------+-------------+
select c13, length(c13) from t1;
+------------+-------------+
| c13        | length(c13) |
+------------+-------------+
| NULL       |        NULL |
| 0000-00-00 |          10 |
| 0013-01-01 |          10 |
| 0013-01-01 |          10 |
| 0013-01-01 |          10 |
+------------+-------------+
select c14, length(c14) from t1;
+---------------------+-------------+
| c14                 | length(c14) |
+---------------------+-------------+
| NULL                |        NULL |
| 0000-00-00 00:00:00 |          19 |
| 0014-01-01 00:00:00 |          19 |
| 0014-01-01 00:00:00 |          19 |
| 0014-01-01 00:00:11 |          19 |
+---------------------+-------------+
select c15, length(c15) from t1;
+---------------------+-------------+
| c15                 | length(c15) |
+---------------------+-------------+
| NULL                |        NULL |
| 0000-00-00 00:00:00 |          19 |
| 0015-01-01 00:00:00 |          19 |
| 0015-01-01 00:00:00 |          19 |
| 0015-01-01 00:00:11 |          19 |
+---------------------+-------------+
select c16, length(c16) from t1;
+--------------------+-------------+
| c16                | length(c16) |
+--------------------+-------------+
| NULL               |        NULL |
|                    |           0 |
| 16                 |           2 |
| -16                |           3 |
| sadfsadfdsafasasdf |          18 |
+--------------------+-------------+
select c17, length(c17) from t1;
+----------------------+-------------+
| c17                  | length(c17) |
+----------------------+-------------+
| NULL                 |        NULL |
|                      |           0 |
| 17                   |           2 |
| -17                  |           3 |
| asdffdsafadsfdsafsad |          20 |
+----------------------+-------------+

drop table t1;
