result_format: 4
drop table if exists t1;
drop table if exists t2;
create table t1 (c1 int, c2 int unsigned,
    c3 tinyint, c4 tinyint unsigned,
    c5 bigint, c6 bigint unsigned,
    c7 float, c8 float unsigned,
    c9 double, c10 double unsigned,
    c11 decimal, c12 decimal unsigned,
    c13 date, c14 datetime, c15 timestamp);
create table t2 (c1 varchar(100), c2 char(100));
select * from t1;
+------+------+------+------+------+------+------+------+------+------+------+------+------+------+------+
| c1   | c2   | c3   | c4   | c5   | c6   | c7   | c8   | c9   | c10  | c11  | c12  | c13  | c14  | c15  |
+------+------+------+------+------+------+------+------+------+------+------+------+------+------+------+
+------+------+------+------+------+------+------+------+------+------+------+------+------+------+------+
select * from t2;
+------+------+
| c1   | c2   |
+------+------+
+------+------+
insert into t1 values(null, null, null, null, null, null, null, null, null, null, null, null, null, null, null);
insert into t1 values(0, 0, 0, 0, 0, 0, 0, 0, 0, 0, 0, 0, '0000-00-00', '0000-00-00 00:00:00', '0000-00-00 00:00:00');
insert into t1 values(1, 2, 3, 4, 5, 6, 7, 8, 9, 10, 11, 12, '0013-01-01', '0014-01-01', '0015-01-01');
insert into t1 values(-1, 2, -3, 4, -5, 6, -7, 8, -9, 10, -11, 12, '0013-01-01', '0014-01-01 00:00:00', '0015-01-01 00:00:00');
insert into t1 values(1234567, 7654321, -33, 44, 555555555, 666666666, 777.777, 8888.888, 99999.999999, 10000.00000, 1111, 121212121, '0013-01-01', '0014-01-01 00:00:11', '0015-01-01 00:00:11');
insert into t2 values(null, null);
insert into t2 values('', '');
insert into t2 values('a', 'a');
insert into t2 values('A', 'A');
insert into t2 values('0', '0');
insert into t2 values('1', '1');
insert into t2 values('@', '@');
insert into t2 values('#', '#');
insert into t2 values(' ', ' ');
insert into t2 values('abcdefg', 'abcdefg');
insert into t2 values('abcdefg ', 'abcdefg ');
insert into t2 values('Good morning', 'Good morning');
insert into t2 values('Good evening', 'Good evening');
insert into t2 values('255.255.255.255', '255.255.255.255');
insert into t2 values('192.168.1.100', '192.168.1.100');
insert into t2 values('30.32.204.180', '30.32.204.180');
insert into t2 values('emily@163.com', 'emily@163.com');
insert into t2 values('mike@sohu.com', 'mike@sohu.com');
insert into t2 values('joey@sina.com', 'joey@sina.com');
insert into t2 values('阿里巴巴', '阿里巴巴');
insert into t2 values('阿里巴巴 ', '阿里巴巴 ');
insert into t2 values('淘宝', '淘宝');
insert into t2 values('淘宝 ', '淘宝 ');

set @@ob_enable_plan_cache = 0;

select c1, md5(c1) from t1;
+---------+----------------------------------+
| c1      | md5(c1)                          |
+---------+----------------------------------+
|    NULL | NULL                             |
|       0 | cfcd208495d565ef66e7dff9f98764da |
|       1 | c4ca4238a0b923820dcc509a6f75849b |
|      -1 | 6bb61e3b7bce0931da574d19d1d82c88 |
| 1234567 | fcea920f7412b5da7be0cf42b8c93759 |
+---------+----------------------------------+
select c2, md5(c2) from t1;
+---------+----------------------------------+
| c2      | md5(c2)                          |
+---------+----------------------------------+
|    NULL | NULL                             |
|       0 | cfcd208495d565ef66e7dff9f98764da |
|       2 | c81e728d9d4c2f636f067f89cc14862c |
|       2 | c81e728d9d4c2f636f067f89cc14862c |
| 7654321 | f0898af949a373e72a4f6a34b4de9090 |
+---------+----------------------------------+
select c3, md5(c3) from t1;
+------+----------------------------------+
| c3   | md5(c3)                          |
+------+----------------------------------+
| NULL | NULL                             |
|    0 | cfcd208495d565ef66e7dff9f98764da |
|    3 | eccbc87e4b5ce2fe28308fd9f2a7baf3 |
|   -3 | b3149ecea4628efd23d2f86e5a723472 |
|  -33 | 0405bb6050e3e04f90c6bfae8ea1000e |
+------+----------------------------------+
select c4, md5(c4) from t1;
+------+----------------------------------+
| c4   | md5(c4)                          |
+------+----------------------------------+
| NULL | NULL                             |
|    0 | cfcd208495d565ef66e7dff9f98764da |
|    4 | a87ff679a2f3e71d9181a67b7542122c |
|    4 | a87ff679a2f3e71d9181a67b7542122c |
|   44 | f7177163c833dff4b38fc8d2872f1ec6 |
+------+----------------------------------+
select c5, md5(c5) from t1;
+-----------+----------------------------------+
| c5        | md5(c5)                          |
+-----------+----------------------------------+
|      NULL | NULL                             |
|         0 | cfcd208495d565ef66e7dff9f98764da |
|         5 | e4da3b7fbbce2345d7772b0674a318d5 |
|        -5 | 47c1b025fa18ea96c33fbb6718688c0f |
| 555555555 | 3665a76e271ada5a75368b99f774e404 |
+-----------+----------------------------------+
select c6, md5(c6) from t1;
+-----------+----------------------------------+
| c6        | md5(c6)                          |
+-----------+----------------------------------+
|      NULL | NULL                             |
|         0 | cfcd208495d565ef66e7dff9f98764da |
|         6 | 1679091c5a880faf6fb5e6087eb1b2dc |
|         6 | 1679091c5a880faf6fb5e6087eb1b2dc |
| 666666666 | 9f0863dd5f0256b0f586a7b523f8cfe8 |
+-----------+----------------------------------+
select c7, md5(c7) from t1;
+---------+----------------------------------+
| c7      | md5(c7)                          |
+---------+----------------------------------+
|    NULL | NULL                             |
|       0 | cfcd208495d565ef66e7dff9f98764da |
|       7 | 8f14e45fceea167a5a36dedd4bea2543 |
|      -7 | 74687a12d3915d3c4d83f1af7b3683d5 |
| 777.777 | d3c35946d7f923ca16623f474237e865 |
+---------+----------------------------------+
select c8, md5(c8) from t1;
+---------+----------------------------------+
| c8      | md5(c8)                          |
+---------+----------------------------------+
|    NULL | NULL                             |
|       0 | cfcd208495d565ef66e7dff9f98764da |
|       8 | c9f0f895fb98ab9159f51fd0297e236d |
|       8 | c9f0f895fb98ab9159f51fd0297e236d |
| 8888.89 | 9e81de41fa5f570dc92f2f98e6d6d662 |
+---------+----------------------------------+
select c9, md5(c9) from t1;
+--------------+----------------------------------+
| c9           | md5(c9)                          |
+--------------+----------------------------------+
|         NULL | NULL                             |
|            0 | cfcd208495d565ef66e7dff9f98764da |
|            9 | 45c48cce2e2d7fbdea1afc51c7c6ad26 |
|           -9 | 252e691406782824eec43d7eadc3d256 |
| 99999.999999 | ecea7349839513115a4cfd226947a7f3 |
+--------------+----------------------------------+
select c10, md5(c10) from t1;
+-------+----------------------------------+
| c10   | md5(c10)                         |
+-------+----------------------------------+
|  NULL | NULL                             |
|     0 | cfcd208495d565ef66e7dff9f98764da |
|    10 | d3d9446802a44259755d38e6d163e820 |
|    10 | d3d9446802a44259755d38e6d163e820 |
| 10000 | b7a782741f667201b54880c925faec4b |
+-------+----------------------------------+
select c11, md5(c11) from t1;
+------+----------------------------------+
| c11  | md5(c11)                         |
+------+----------------------------------+
| NULL | NULL                             |
|    0 | cfcd208495d565ef66e7dff9f98764da |
|   11 | 6512bd43d9caa6e02c990b0a82652dca |
|  -11 | fe9bea92980bb30c7fb9cc3c33c99204 |
| 1111 | b59c67bf196a4758191e42f76670ceba |
+------+----------------------------------+
select c12, md5(c12) from t1;
+-----------+----------------------------------+
| c12       | md5(c12)                         |
+-----------+----------------------------------+
|      NULL | NULL                             |
|         0 | cfcd208495d565ef66e7dff9f98764da |
|        12 | c20ad4d76fe97759aa27a0c99bff6710 |
|        12 | c20ad4d76fe97759aa27a0c99bff6710 |
| 121212121 | 28f673f31cdd6af50d1f0b8e2b71b9e5 |
+-----------+----------------------------------+
select c13, md5(c13) from t1;
+------------+----------------------------------+
| c13        | md5(c13)                         |
+------------+----------------------------------+
| NULL       | NULL                             |
| 0000-00-00 | 21818ea7c95e62897f2739dd05578c8d |
| 0013-01-01 | 72782cdcbfb6d85b4293747a2b6f250b |
| 0013-01-01 | 72782cdcbfb6d85b4293747a2b6f250b |
| 0013-01-01 | 72782cdcbfb6d85b4293747a2b6f250b |
+------------+----------------------------------+
select c14, md5(c14) from t1;
+---------------------+----------------------------------+
| c14                 | md5(c14)                         |
+---------------------+----------------------------------+
| NULL                | NULL                             |
| 0000-00-00 00:00:00 | 8e30a659c31b53017073692309ab0da1 |
| 0014-01-01 00:00:00 | 532c4452dbb2e2ffafef1a869ff09ef2 |
| 0014-01-01 00:00:00 | 532c4452dbb2e2ffafef1a869ff09ef2 |
| 0014-01-01 00:00:11 | 02da86a1eeaff88dffb97a1ee3573824 |
+---------------------+----------------------------------+
select c15, md5(c15) from t1;
+---------------------+----------------------------------+
| c15                 | md5(c15)                         |
+---------------------+----------------------------------+
| NULL                | NULL                             |
| 0000-00-00 00:00:00 | 8e30a659c31b53017073692309ab0da1 |
| 0015-01-01 00:00:00 | 0a6c39d0a24b970b5f2b0ae1c35a2283 |
| 0015-01-01 00:00:00 | 0a6c39d0a24b970b5f2b0ae1c35a2283 |
| 0015-01-01 00:00:11 | 44d4719b08d9536a0dd47907fe8c75e6 |
+---------------------+----------------------------------+
select c1, md5(c1), c2, md5(c2) from t2;
+-----------------+----------------------------------+-----------------+----------------------------------+
| c1              | md5(c1)                          | c2              | md5(c2)                          |
+-----------------+----------------------------------+-----------------+----------------------------------+
| NULL            | NULL                             | NULL            | NULL                             |
|                 | d41d8cd98f00b204e9800998ecf8427e |                 | d41d8cd98f00b204e9800998ecf8427e |
| a               | 0cc175b9c0f1b6a831c399e269772661 | a               | 0cc175b9c0f1b6a831c399e269772661 |
| A               | 7fc56270e7a70fa81a5935b72eacbe29 | A               | 7fc56270e7a70fa81a5935b72eacbe29 |
| 0               | cfcd208495d565ef66e7dff9f98764da | 0               | cfcd208495d565ef66e7dff9f98764da |
| 1               | c4ca4238a0b923820dcc509a6f75849b | 1               | c4ca4238a0b923820dcc509a6f75849b |
| @               | 518ed29525738cebdac49c49e60ea9d3 | @               | 518ed29525738cebdac49c49e60ea9d3 |
| #               | 01abfc750a0c942167651c40d088531d | #               | 01abfc750a0c942167651c40d088531d |
|                 | 7215ee9c7d9dc229d2921a40e899ec5f |                 | d41d8cd98f00b204e9800998ecf8427e |
| abcdefg         | 7ac66c0f148de9519b8bd264312c4d64 | abcdefg         | 7ac66c0f148de9519b8bd264312c4d64 |
| abcdefg         | cea1a161b6f38ac9189d204a6ff0e231 | abcdefg         | 7ac66c0f148de9519b8bd264312c4d64 |
| Good morning    | 4e44298897ed12cdc10e5302fa781688 | Good morning    | 4e44298897ed12cdc10e5302fa781688 |
| Good evening    | 0a28b30e5d84d83d385b6b9afd5661ae | Good evening    | 0a28b30e5d84d83d385b6b9afd5661ae |
| 255.255.255.255 | eea88cd0d9a7ba26282fc786713bbbb6 | 255.255.255.255 | eea88cd0d9a7ba26282fc786713bbbb6 |
| 192.168.1.100   | d984a05fa268b7cc6ac052a38960aeb2 | 192.168.1.100   | d984a05fa268b7cc6ac052a38960aeb2 |
| 30.32.204.180   | 8f70c7dd37a827875dd5e8bfb59b001e | 30.32.204.180   | 8f70c7dd37a827875dd5e8bfb59b001e |
| emily@163.com   | 3def867c78b2b87744512a6cbbc1d730 | emily@163.com   | 3def867c78b2b87744512a6cbbc1d730 |
| mike@sohu.com   | 91f49bb2c81568dcc32f74d9f1cb5811 | mike@sohu.com   | 91f49bb2c81568dcc32f74d9f1cb5811 |
| joey@sina.com   | 59014c527f2387d23490b78e6b973c37 | joey@sina.com   | 59014c527f2387d23490b78e6b973c37 |
| 阿里巴巴        | 49edab1cb53ba3cf77c6c3271196acbb | 阿里巴巴        | 49edab1cb53ba3cf77c6c3271196acbb |
| 阿里巴巴        | a5ca9dd3dc1f3857eee9c2daaeba130b | 阿里巴巴        | 49edab1cb53ba3cf77c6c3271196acbb |
| 淘宝            | 12ad5c790444f88966c2faf90e73d8c9 | 淘宝            | 12ad5c790444f88966c2faf90e73d8c9 |
| 淘宝            | e04842fc8f74042c581063da43e6adb9 | 淘宝            | 12ad5c790444f88966c2faf90e73d8c9 |
+-----------------+----------------------------------+-----------------+----------------------------------+
drop table t1;
drop table t2;

