result_format: 4
alter system flush plan cache global;
set ob_enable_plan_cache = 0;

select unix_timestamp(NULL);
+----------------------+
| unix_timestamp(NULL) |
+----------------------+
|                 NULL |
+----------------------+
select unix_timestamp('');
+--------------------+
| unix_timestamp('') |
+--------------------+
|           0.000000 |
+--------------------+
select unix_timestamp('2010-01-01 10:50:50.123');
+-------------------------------------------+
| unix_timestamp('2010-01-01 10:50:50.123') |
+-------------------------------------------+
|                            1262314250.123 |
+-------------------------------------------+
select unix_timestamp(123);
+---------------------+
| unix_timestamp(123) |
+---------------------+
|           948556800 |
+---------------------+
drop table if exists t1;
create table t1 (col_datetime_4_not_null datetime(4) not null);
insert into t1 values
 ('0000-00-00 00:00:00.0000'),('2006-05-12 07:06:44.0441'),('2007-11-08 00:00:00.0000'), ('2007-07-23 00:00:00.0000'),('2006-01-10 22:19:14.0158'),('2006-09-13 18:54:05.0013'), ('2002-03-26 00:00:00.0000'),('2002-10-22 10:53:06.0151'),('0000-00-00 00:00:00.0000'),('2001-06-04 00:00:00.0000'),('0000-00-00 00:00:00.0000'),('2000-12-11 10:47:58.0505'), ('2009-04-21 20:01:40.0570'),('2007-03-12 10:48:41.0031'),('0000-00-00 00:00:00.0000'), ('2009-06-22 00:00:00.0000'),('2008-01-21 15:28:44.0592'),('2003-10-05 00:43:55.0577'), ('2002-11-04 00:46:30.0630'),('2006-01-19 11:38:03.0378'),('0000-00-00 00:00:00.0000'), ('2001-02-04 00:00:00.0000'),('2004-10-22 21:59:04.0394'),('2006-03-20 18:54:13.0139'), ('2004-06-09 03:17:31.0403'),('0000-00-00 00:00:00.0000'),('2003-06-01 17:59:12.0365'), ('0000-00-00 00:00:00.0000'),('2009-06-15 08:58:58.0329'),('0000-00-00 00:00:00.0000'), ('2004-03-26 00:00:00.0000'),('2009-04-27 00:00:00.0000'),('2000-09-07 00:00:00.0000'), ('2006-11-04 00:51:03.0501'),('2005-02-20 00:30:47.0647'),('0000-00-00 00:00:00.0000'), ('2004-12-07 00:00:00.0000'),('0000-00-00 00:00:00.0000'),('0000-00-00 00:00:00.0000'), ('2002-08-17 00:27:20.0536'),('2006-10-12 12:12:28.0337'),('0000-00-00 00:00:00.0000'), ('0000-00-00 00:00:00.0000'),('2009-09-09 14:16:05.0354'),('2000-02-25 00:00:00.0000'), ('2003-12-16 05:38:37.0626'),('2000-10-05 03:46:43.0067'),('0000-00-00 00:00:00.0000'), ('2000-10-08 06:45:51.0547'),('0000-00-00 00:00:00.0000'),('2000-04-06 01:46:21.0620'), ('2001-08-10 23:15:40.0304'),('2001-06-24 10:14:00.0497'),('0000-00-00 00:00:00.0000'), ('0000-00-00 00:00:00.0000'),('2004-10-22 00:00:00.0000'),('0000-00-00 00:00:00.0000'), ('0000-00-00 00:00:00.0000'),('2005-08-23 06:34:23.0058'),('2005-03-28 18:34:18.0138'),('2004-05-18 00:00:00.0000');
select col_datetime_4_not_null, unix_timestamp(col_datetime_4_not_null) from t1 order by 1;
+--------------------------+-----------------------------------------+
| col_datetime_4_not_null  | unix_timestamp(col_datetime_4_not_null) |
+--------------------------+-----------------------------------------+
| 0000-00-00 00:00:00.0000 |                                  0.0000 |
| 0000-00-00 00:00:00.0000 |                                  0.0000 |
| 0000-00-00 00:00:00.0000 |                                  0.0000 |
| 0000-00-00 00:00:00.0000 |                                  0.0000 |
| 0000-00-00 00:00:00.0000 |                                  0.0000 |
| 0000-00-00 00:00:00.0000 |                                  0.0000 |
| 0000-00-00 00:00:00.0000 |                                  0.0000 |
| 0000-00-00 00:00:00.0000 |                                  0.0000 |
| 0000-00-00 00:00:00.0000 |                                  0.0000 |
| 0000-00-00 00:00:00.0000 |                                  0.0000 |
| 0000-00-00 00:00:00.0000 |                                  0.0000 |
| 0000-00-00 00:00:00.0000 |                                  0.0000 |
| 0000-00-00 00:00:00.0000 |                                  0.0000 |
| 0000-00-00 00:00:00.0000 |                                  0.0000 |
| 0000-00-00 00:00:00.0000 |                                  0.0000 |
| 0000-00-00 00:00:00.0000 |                                  0.0000 |
| 0000-00-00 00:00:00.0000 |                                  0.0000 |
| 0000-00-00 00:00:00.0000 |                                  0.0000 |
| 0000-00-00 00:00:00.0000 |                                  0.0000 |
| 2000-02-25 00:00:00.0000 |                          951408000.0000 |
| 2000-04-06 01:46:21.0620 |                          954956781.0620 |
| 2000-09-07 00:00:00.0000 |                          968256000.0000 |
| 2000-10-05 03:46:43.0067 |                          970688803.0067 |
| 2000-10-08 06:45:51.0547 |                          970958751.0547 |
| 2000-12-11 10:47:58.0505 |                          976502878.0505 |
| 2001-02-04 00:00:00.0000 |                          981216000.0000 |
| 2001-06-04 00:00:00.0000 |                          991584000.0000 |
| 2001-06-24 10:14:00.0497 |                          993348840.0497 |
| 2001-08-10 23:15:40.0304 |                          997456540.0304 |
| 2002-03-26 00:00:00.0000 |                         1017072000.0000 |
| 2002-08-17 00:27:20.0536 |                         1029515240.0536 |
| 2002-10-22 10:53:06.0151 |                         1035255186.0151 |
| 2002-11-04 00:46:30.0630 |                         1036341990.0630 |
| 2003-06-01 17:59:12.0365 |                         1054461552.0365 |
| 2003-10-05 00:43:55.0577 |                         1065285835.0577 |
| 2003-12-16 05:38:37.0626 |                         1071524317.0626 |
| 2004-03-26 00:00:00.0000 |                         1080230400.0000 |
| 2004-05-18 00:00:00.0000 |                         1084809600.0000 |
| 2004-06-09 03:17:31.0403 |                         1086722251.0403 |
| 2004-10-22 00:00:00.0000 |                         1098374400.0000 |
| 2004-10-22 21:59:04.0394 |                         1098453544.0394 |
| 2004-12-07 00:00:00.0000 |                         1102348800.0000 |
| 2005-02-20 00:30:47.0647 |                         1108830647.0647 |
| 2005-03-28 18:34:18.0138 |                         1112006058.0138 |
| 2005-08-23 06:34:23.0058 |                         1124750063.0058 |
| 2006-01-10 22:19:14.0158 |                         1136902754.0158 |
| 2006-01-19 11:38:03.0378 |                         1137641883.0378 |
| 2006-03-20 18:54:13.0139 |                         1142852053.0139 |
| 2006-05-12 07:06:44.0441 |                         1147388804.0441 |
| 2006-09-13 18:54:05.0013 |                         1158144845.0013 |
| 2006-10-12 12:12:28.0337 |                         1160626348.0337 |
| 2006-11-04 00:51:03.0501 |                         1162572663.0501 |
| 2007-03-12 10:48:41.0031 |                         1173667721.0031 |
| 2007-07-23 00:00:00.0000 |                         1185120000.0000 |
| 2007-11-08 00:00:00.0000 |                         1194451200.0000 |
| 2008-01-21 15:28:44.0592 |                         1200900524.0592 |
| 2009-04-21 20:01:40.0570 |                         1240315300.0570 |
| 2009-04-27 00:00:00.0000 |                         1240761600.0000 |
| 2009-06-15 08:58:58.0329 |                         1245027538.0329 |
| 2009-06-22 00:00:00.0000 |                         1245600000.0000 |
| 2009-09-09 14:16:05.0354 |                         1252476965.0354 |
+--------------------------+-----------------------------------------+

