result_format: 4

drop table if exists t1;
create table t1 (c1 varchar(100) CHARACTER SET  utf8, c2 varchar(100) CHARACTER set  utf16);
insert into t1 (c1, c2) values ('            a               ', '                b                 ');
insert into t1 (c1, c2) values (' ', '                b                 ');
insert into t1 (c1, c2) values ('            a               ', ' ');


set @@ob_enable_plan_cache = 0;

select trim('          abc        ') x from dual;
+------+
| x    |
+------+
| abc  |
+------+
select trim(leading from '          abc        ') x from dual;
+-------------+
| x           |
+-------------+
| abc         |
+-------------+
select trim(trailing from '          abc        ') x from dual;
+---------------+
| x             |
+---------------+
|           abc |
+---------------+
select trim(both from '          abc        ') x from dual;
+------+
| x    |
+------+
| abc  |
+------+
select trim(both '' from '          abc        ') x from dual;
+-----------------------+
| x                     |
+-----------------------+
|           abc         |
+-----------------------+
select trim(both ' ' from '          abc        ') x from dual;
+------+
| x    |
+------+
| abc  |
+------+
select trim(both 'abc' from 'abcabdefabcabc') x from dual;
+-------+
| x     |
+-------+
| abdef |
+-------+
select trim(both ' ' from '          abc        ') x from dual;
+------+
| x    |
+------+
| abc  |
+------+
select trim(both NULL from '          abc        ') x from dual;
+------+
| x    |
+------+
| NULL |
+------+
select trim(both ' ' from NULL) x from dual;
+------+
| x    |
+------+
| NULL |
+------+
select trim(both 1 from 112311) x from dual;
+------+
| x    |
+------+
| 23   |
+------+

select ltrim('          abc             ') x from dual;
+------------------+
| x                |
+------------------+
| abc              |
+------------------+
select ltrim('          ') x from dual;
+------+
| x    |
+------+
|      |
+------+
select ltrim(NULL) x from dual;
+------+
| x    |
+------+
| NULL |
+------+
select rtrim('          abc             ') x from dual;
+---------------+
| x             |
+---------------+
|           abc |
+---------------+
select rtrim('          ') x from dual;
+------+
| x    |
+------+
|      |
+------+
select rtrim(NULL) x from dual;
+------+
| x    |
+------+
| NULL |
+------+

select concat('[', trim(c1), ']'), concat('[', trim(c2), ']'), concat('[', ltrim(c1), ']'), concat('[', ltrim(c2), ']'), concat('[', rtrim(c1), ']'), concat('[', rtrim(c2), ']') from t1;
+----------------------------+----------------------------+-----------------------------+-----------------------------+-----------------------------+-----------------------------+
| concat('[', trim(c1), ']') | concat('[', trim(c2), ']') | concat('[', ltrim(c1), ']') | concat('[', ltrim(c2), ']') | concat('[', rtrim(c1), ']') | concat('[', rtrim(c2), ']') |
+----------------------------+----------------------------+-----------------------------+-----------------------------+-----------------------------+-----------------------------+
| [a]                        | [b]                        | [a               ]          | [b                 ]        | [            a]             | [                b]         |
| []                         | [b]                        | []                          | [b                 ]        | []                          | [                b]         |
| [a]                        | []                         | [a               ]          | []                          | [            a]             | []                          |
+----------------------------+----------------------------+-----------------------------+-----------------------------+-----------------------------+-----------------------------+
select concat('[', trim(both c1 from c2), ']') from t1;
+-----------------------------------------+
| concat('[', trim(both c1 from c2), ']') |
+-----------------------------------------+
| [                b                 ]    |
| [b]                                     |
| [ ]                                     |
+-----------------------------------------+
select concat('[', trim(both c2 from c1), ']') x from t1;
+--------------------------------+
| x                              |
+--------------------------------+
| [            a               ] |
| [ ]                            |
| [a]                            |
+--------------------------------+

drop table if exists t1;
drop view if exists v1;
// bug: 
create view v1 as select nullif(trim(repeat('abc', 1+1)), 'a');
desc v1;
+---------------------------------------+----------+------+-----+---------+-------+
| Field                                 | Type     | Null | Key | Default | Extra |
+---------------------------------------+----------+------+-----+---------+-------+
| nullif(trim(repeat('abc', 1+1)), 'a') | longtext | NO   |     |         |       |
+---------------------------------------+----------+------+-----+---------+-------+
select * from v1;
+---------------------------------------+
| nullif(trim(repeat('abc', 1+1)), 'a') |
+---------------------------------------+
| abcabc                                |
+---------------------------------------+

create table t1(c1 longtext, c2 varchar(100));
insert into t1 values('abababa', 'a');
// c1 and c2 will cast to longtext
select trim(leading c2 from c1) from t1;
+--------------------------+
| trim(leading c2 from c1) |
+--------------------------+
| bababa                   |
+--------------------------+

drop view v1;
drop table t1;

select SUBSTRING( TRIM( BOTH CONVERT( 'a', BINARY( 0 ) ) FROM '+-ÃÃ·ï¹¢ï¹£Â±/= â¥â' ) , 1 ,20) ;
+-------------------------------------------------------------------------------------------------------+
| SUBSTRING( TRIM( BOTH CONVERT( 'a', BINARY( 0 ) ) FROM '+-ÃÃ·ï¹¢ï¹£Â±/= â¥â' ) , 1 ,20)               |
+-------------------------------------------------------------------------------------------------------+
| +-ÃÃ·ï¹¢ï¹£Â±/= â¥â                                                                                   |
+-------------------------------------------------------------------------------------------------------+
select collation(TRIM( BOTH _binary'a' FROM '+-ÃÃ·ï¹¢ï¹£Â±/= â¥â' )) ;
+-----------------------------------------------------------------------------+
| collation(TRIM( BOTH _binary'a' FROM '+-ÃÃ·ï¹¢ï¹£Â±/= â¥â' ))               |
+-----------------------------------------------------------------------------+
| utf8mb4_general_ci                                                          |
+-----------------------------------------------------------------------------+
select collation(TRIM( BOTH _binary'a' FROM _gbk'abc' )) ;
+---------------------------------------------------+
| collation(TRIM( BOTH _binary'a' FROM _gbk'abc' )) |
+---------------------------------------------------+
| gbk_chinese_ci                                    |
+---------------------------------------------------+

select TRIM(LEADING 'a' FROM TRIM(SUBSTR(REPEAT(NULL, 4 + 1), 1, LEAST(146, 20))));
+-----------------------------------------------------------------------------+
| TRIM(LEADING 'a' FROM TRIM(SUBSTR(REPEAT(NULL, 4 + 1), 1, LEAST(146, 20)))) |
+-----------------------------------------------------------------------------+
| NULL                                                                        |
+-----------------------------------------------------------------------------+

create table t1 (c1 longtext);
insert into t1 values(concat(repeat(' ', 256*1024), 'ad'));
insert into t1 values(concat('ad', repeat(' ', 256*1024)));
insert into t1 values(concat(repeat(' ', 256*1024), 'ad', repeat(' ', 256*1024)));
select length(c1) from t1;
+------------+
| length(c1) |
+------------+
|     262146 |
|     262146 |
|     524290 |
+------------+
select length(trim(c1)), trim(c1) from t1;
+------------------+----------+
| length(trim(c1)) | trim(c1) |
+------------------+----------+
|                2 | ad       |
|                2 | ad       |
|                2 | ad       |
+------------------+----------+
drop table t1;

create table t1 (c1 longtext);
insert into t1 values(concat(repeat('abcd', 600*1024), 'xx'));
insert into t1 values(concat('xx', repeat('abcd', 600*1024)));
insert into t1 values(concat(repeat('abcd', 600*1024), 'xx', repeat('abcd', 600*1024)));
select length(c1) from t1;
+------------+
| length(c1) |
+------------+
|    2457602 |
|    2457602 |
|    4915202 |
+------------+
select length(trim(leading 'abcd' from c1)) from t1;
+--------------------------------------+
| length(trim(leading 'abcd' from c1)) |
+--------------------------------------+
|                                    2 |
|                              2457602 |
|                              2457602 |
+--------------------------------------+
select length(trim(trailing 'abcd' from c1)) from t1;
+---------------------------------------+
| length(trim(trailing 'abcd' from c1)) |
+---------------------------------------+
|                               2457602 |
|                                     2 |
|                               2457602 |
+---------------------------------------+
select length(trim(both 'abcd' from c1)) from t1;
+-----------------------------------+
| length(trim(both 'abcd' from c1)) |
+-----------------------------------+
|                                 2 |
|                                 2 |
|                                 2 |
+-----------------------------------+
drop table t1;

