result_format: 4

drop table if exists t1;
create table t1 (c1 varchar(30), c2 date, c3 date);
insert into t1 values("2019-10-11", "2019-01-10", "2018-01-01");
insert into t1 values(null, "2019-01-10", null);
insert into t1 values("2019-10-11", "0000-00-00", "2019-10-19");

set @@ob_enable_plan_cache = 0;
select datediff(c1, c2), datediff(c2, c3) from t1;
+------------------+------------------+
| datediff(c1, c2) | datediff(c2, c3) |
+------------------+------------------+
|              274 |              374 |
|             NULL |             NULL |
|             NULL |             NULL |
+------------------+------------------+
select datediff(20080701, "2008-08-01");
+----------------------------------+
| datediff(20080701, "2008-08-01") |
+----------------------------------+
|                              -31 |
+----------------------------------+
select datediff("20080701", "2012-05-25");
+------------------------------------+
| datediff("20080701", "2012-05-25") |
+------------------------------------+
|                              -1424 |
+------------------------------------+
select datediff("2012-05-25","20080701");
+-----------------------------------+
| datediff("2012-05-25","20080701") |
+-----------------------------------+
|                              1424 |
+-----------------------------------+
select datediff(null,null);
+---------------------+
| datediff(null,null) |
+---------------------+
|                NULL |
+---------------------+
select datediff(null,"2012-05-25");
+-----------------------------+
| datediff(null,"2012-05-25") |
+-----------------------------+
|                        NULL |
+-----------------------------+
select datediff("2012-05-25","0000-00-00");
+-------------------------------------+
| datediff("2012-05-25","0000-00-00") |
+-------------------------------------+
|                                NULL |
+-------------------------------------+


