result_format: 4

drop table if exists t1;
create table t1 (c1 varchar(2000));
insert into t1 values(hex("ABC")), (hex("123"));

set @@ob_enable_plan_cache = 0;
select unhex(c1) from t1;
+-----------+
| unhex(c1) |
+-----------+
| ABC       |
| 123       |
+-----------+
select unhex("4142") from dual;
+---------------+
| unhex("4142") |
+---------------+
| AB            |
+---------------+

drop table if exists t2;

CREATE TABLE t2 (a VARBINARY(2000));
set sql_mode = STRICT_TRANS_TABLES;
insert into t2 VALUES (UNHEX('54455354'));
insert into t2 VALUES (UNHEX('TEST'));
ERROR HY000: invalid hex number
select a from t2 where a = UNHEX('TEST');
+------+
| a    |
+------+
+------+
select a from t2 where a = UNHEX('54455354');
+------+
| a    |
+------+
| TEST |
+------+
set sql_mode = "";
insert into t2 VALUES (UNHEX('54455354'));
insert into t2 VALUES (UNHEX('TEST'));
select a from t2 where a = UNHEX('TEST');
+------+
| a    |
+------+
+------+
select a from t2 where a = UNHEX('54455354');
+------+
| a    |
+------+
| TEST |
| TEST |
+------+


