drop table t11_set;
drop table t22_set;
create table t11_set(c1 int,c2 int);
create table t22_set(c1 int,c2 int);
insert into t11_set values(null,null);
insert into t11_set values(1,1);
insert into t11_set values(5,5);
insert into t11_set values(1,1);
insert into t11_set values(5,5);
insert into t11_set values(12,12);
insert into t11_set values(12,12);
insert into t11_set values(22,22);
insert into t11_set values(26,26);
insert into t11_set values(22,22);
insert into t11_set values(26,26);
insert into t22_set select * from t11_set;
create index idx_t11_set on t11_set(c1,c2);
create index idx_t22_set on t22_set(c1,c2);
set @@ob_enable_plan_cache = 0;
select c1,c2 from t11_set union select c1,c2 from t22_set where c1 > 5 and c1 != 12;
c1	c2
NULL	NULL
1	1
5	5
12	12
22	22
26	26
select c1,c2 from t11_set intersect select c1,c2 from t22_set where c1 > 5 and c1 != 12;
c1	c2
22	22
26	26
select c1,c2 from t11_set minus select c1,c2 from t22_set where c1 > 5 and c1 != 12;
c1	c2
NULL	NULL
1	1
5	5
12	12
select c1,c2 from t11_set where c1 > 5 and c1 != 12 union select c1,c2 from t22_set;
c1	c2
NULL	NULL
1	1
5	5
12	12
22	22
26	26
select c1,c2 from t11_set where c1 > 5 and c1 != 12 intersect select c1,c2 from t22_set;
c1	c2
22	22
26	26
select c1,c2 from t11_set where c1 > 5 and c1 != 12 minus select c1,c2 from t22_set;
c1	c2
select c1,c2 from t11_set union select c1,c2 from t22_set where c1 <22;
c1	c2
NULL	NULL
1	1
5	5
12	12
22	22
26	26
select c1,c2 from t11_set intersect select c1,c2 from t22_set where c1 <22;
c1	c2
1	1
5	5
12	12
select c1,c2 from t11_set minus select c1,c2 from t22_set where c1 <22;
c1	c2
NULL	NULL
22	22
26	26
drop table t11_set;
drop table t22_set;
