use information_schema;
select * from character_sets;
CHARACTER_SET_NAME	DEFAULT_COLLATE_NAME	DESCRIPTION	MAXLEN
binary	binary	Binary pseudo charset	1
utf8mb4	utf8mb4_general_ci	UTF-8 Unicode	4
gbk	gbk_chinese_ci	GBK charset	2
utf16	utf16_general_ci	UTF-16 Unicode	2
gb18030	gb18030_chinese_ci	GB18030 charset	4
latin1	latin1_swedish_ci	cp1252 West European	1
gb18030_2022	gb18030_2022_chinese_ci	GB18030-2022 charset	4
select character_set_name, default_collate_name, description, maxlen from character_sets;
character_set_name	default_collate_name	description	maxlen
binary	binary	Binary pseudo charset	1
utf8mb4	utf8mb4_general_ci	UTF-8 Unicode	4
gbk	gbk_chinese_ci	GBK charset	2
utf16	utf16_general_ci	UTF-16 Unicode	2
gb18030	gb18030_chinese_ci	GB18030 charset	4
latin1	latin1_swedish_ci	cp1252 West European	1
gb18030_2022	gb18030_2022_chinese_ci	GB18030-2022 charset	4
select maxlen from character_sets;
maxlen
1
4
2
2
4
1
4
select * from character_sets where character_set_name like '%binary%';
CHARACTER_SET_NAME	DEFAULT_COLLATE_NAME	DESCRIPTION	MAXLEN
binary	binary	Binary pseudo charset	1
show create table character_sets;
View	Create View	character_set_client	collation_connection
CHARACTER_SETS	CREATE VIEW `CHARACTER_SETS` AS    SELECT CHARSET AS CHARACTER_SET_NAME, DEFAULT_COLLATION AS DEFAULT_COLLATE_NAME, DESCRIPTION, max_length AS MAXLEN FROM oceanbase.__tenant_virtual_charset 	utf8mb4	utf8mb4_general_ci
desc character_sets;
Field	Type	Null	Key	Default	Extra
CHARACTER_SET_NAME	varchar(128)	NO			
DEFAULT_COLLATE_NAME	varchar(128)	NO			
DESCRIPTION	varchar(64)	NO			
MAXLEN	bigint(20)	NO			
