use information_schema;
select * from views where table_schema = 'mysql' order by table_name desc;
TABLE_CATALOG	TABLE_SCHEMA	TABLE_NAME	VIEW_DEFINITION	CHECK_OPTION	IS_UPDATABLE	DEFINER	SECURITY_TYPE	CHARACTER_SET_CLIENT	COLLATION_CONNECTION
def	mysql	time_zone_transition_type	     SELECT time_zone_id as Time_zone_id,            transition_type_id as Transition_type_id,            offset as Offset,            is_dst as Is_DST,            abbreviation as Abbreviation     FROM oceanbase.__all_tenant_time_zone_transition_type 	NONE	NO	NONE	NONE	utf8mb4	utf8mb4_general_ci
def	mysql	time_zone_transition	     SELECT time_zone_id as Time_zone_id,            transition_time as Transition_time,            transition_type_id as Transition_type_id     FROM oceanbase.__all_tenant_time_zone_transition 	NONE	NO	NONE	NONE	utf8mb4	utf8mb4_general_ci
def	mysql	time_zone_name	     SELECT name as Name,            time_zone_id as Time_zone_id     FROM oceanbase.__all_tenant_time_zone_name 	NONE	NO	NONE	NONE	utf8mb4	utf8mb4_general_ci
def	mysql	time_zone	     SELECT time_zone_id as Time_zone_id,            use_leap_seconds as Use_leap_seconds     FROM oceanbase.__all_tenant_time_zone 	NONE	NO	NONE	NONE	utf8mb4	utf8mb4_general_ci
def	mysql	role_edges	   SELECT cast(from_user.host AS char(255)) FROM_HOST,          cast(from_user.user_name AS char(128)) FROM_USER,          cast(to_user.host AS char(255)) TO_HOST,          cast(to_user.user_name AS char(128)) TO_USER,          cast(CASE role_map.admin_option WHEN 1 THEN 'Y' ELSE 'N' END AS char(1)) WITH_ADMIN_OPTION   FROM oceanbase.__all_tenant_role_grantee_map role_map,        oceanbase.__all_user from_user,        oceanbase.__all_user to_user   WHERE role_map.tenant_id = from_user.tenant_id     AND role_map.tenant_id = to_user.tenant_id     AND role_map.grantee_id = to_user.user_id     AND role_map.role_id = from_user.user_id; 	NONE	NO	NONE	NONE	utf8mb4	utf8mb4_general_ci
def	mysql	procs_priv	     SELECT cast(b.host as char(60)) as Host,            cast(a.database_name as char(64)) as Db,            cast(b.user_name as char(32)) as User,            cast(a.routine_name as char(64)) as Routine_name,            case when a.routine_type = 1 then 'PROCEDURE' else 'FUNCTION' end as Routine_type,            cast(c.priv_user as char(93)) as Grantor,            substr(concat(case when (a.all_priv & 1) > 0 then ',Execute' else '' end,                           case when (a.all_priv & 2) > 0 then ',Alter Routine' else '' end,                           case when (a.all_priv & 4) > 0 then ',Grant' else '' end), 2) as Proc_priv,            cast(a.gmt_modified as date) as Timestamp     FROM oceanbase.__all_routine_privilege a, oceanbase.__all_user b, oceanbase.__all_routine c, oceanbase.__all_database d     WHERE a.tenant_id = b.tenant_id AND a.user_id = b.user_id      AND a.tenant_id = d.tenant_id and a.database_name = d.database_name     AND a.tenant_id = c.tenant_id AND a.routine_name = c.routine_name      AND a.routine_type = c.routine_type AND c.database_id = d.database_id AND c.package_id = -1; 	NONE	NO	NONE	NONE	utf8mb4	utf8mb4_general_ci
def	mysql	default_roles	   SELECT cast(to_user.host AS char(255)) HOST,          cast(to_user.user_name AS char(128)) USER,          cast(from_user.host AS char(255)) DEFAULT_ROLE_HOST,          cast(from_user.user_name AS char(128)) DEFAULT_ROLE_USER   FROM oceanbase.__all_tenant_role_grantee_map role_map,        oceanbase.__all_user from_user,        oceanbase.__all_user to_user   WHERE role_map.tenant_id = from_user.tenant_id     AND role_map.tenant_id = to_user.tenant_id     AND role_map.grantee_id = to_user.user_id     AND role_map.role_id = from_user.user_id     AND role_map.disable_flag = 0; 	NONE	NO	NONE	NONE	utf8mb4	utf8mb4_general_ci
def	mysql	columns_priv	     SELECT cast(b.host as char(255)) as Host,            cast(a.database_name as char(128)) as Db,            cast(b.user_name as char(128)) as User,            cast(a.table_name as char(128)) as Table_name,            cast(a.column_name as char(128)) as Column_name,            substr(concat(case when (a.all_priv & 1) > 0 then ',Select' else '' end,                           case when (a.all_priv & 2) > 0 then ',Insert' else '' end,                           case when (a.all_priv & 4) > 0 then ',Update' else '' end,                           case when (a.all_priv & 8) > 0 then ',References' else '' end), 2) as Column_priv,            cast(a.gmt_modified as datetime) as Timestamp     FROM oceanbase.__all_column_privilege a, oceanbase.__all_user b     WHERE a.tenant_id = 0 and a.tenant_id = b.tenant_id AND a.user_id = b.user_id 	NONE	NO	NONE	NONE	utf8mb4	utf8mb4_general_ci
show create view views;
View	Create View	character_set_client	collation_connection
VIEWS	CREATE VIEW `VIEWS` AS select                    cast('def' as CHAR(64)) AS TABLE_CATALOG,                    d.database_name collate utf8mb4_name_case as TABLE_SCHEMA,                    t.table_name collate utf8mb4_name_case as TABLE_NAME,                    t.view_definition as VIEW_DEFINITION,                    case t.view_check_option when 1 then 'LOCAL' when 2 then 'CASCADED' else 'NONE' end as CHECK_OPTION,                    case t.view_is_updatable when 1 then 'YES' else 'NO' end as IS_UPDATABLE,                    cast((case t.define_user_id                          when -1 then 'NONE'                          else concat(u.user_name, '@', u.host) end) as CHAR(288)) as DEFINER,                    cast('NONE' as CHAR(7)) AS SECURITY_TYPE,                    cast((case t.collation_type                          when 45 then 'utf8mb4'                          else 'NONE' end) as CHAR(64)) AS CHARACTER_SET_CLIENT,                    cast((case t.collation_type                          when 45 then 'utf8mb4_general_ci'                          else 'NONE' end) as CHAR(64)) AS COLLATION_CONNECTION                    from oceanbase.__all_table as t                    join oceanbase.__all_database as d                      on t.tenant_id = d.tenant_id and t.database_id = d.database_id                    left join oceanbase.__all_user as u                      on t.tenant_id = u.tenant_id and t.define_user_id = u.user_id and t.define_user_id != -1                    where t.tenant_id = 0                      and t.table_type in (1, 4)                      and t.table_mode >> 12 & 15 in (0,1)                      and d.in_recyclebin = 0                      and d.database_name != '__recyclebin'                      and d.database_name != 'information_schema'                      and d.database_name != 'oceanbase'                      and 0 = sys_privilege_check('table_acc', effective_tenant_id(), d.database_name, t.table_name) 	utf8mb4	utf8mb4_general_ci
desc views;
Field	Type	Null	Key	Default	Extra
TABLE_CATALOG	varchar(64)	NO			
TABLE_SCHEMA	varchar(128)	NO			
TABLE_NAME	varchar(256)	NO			
VIEW_DEFINITION	longtext	NO		NULL	
CHECK_OPTION	varchar(8)	NO		NULL	
IS_UPDATABLE	varchar(3)	NO		NULL	
DEFINER	varchar(288)	NO			
SECURITY_TYPE	varchar(7)	NO			
CHARACTER_SET_CLIENT	varchar(64)	NO			
COLLATION_CONNECTION	varchar(64)	NO			
