drop table if exists a,t;
drop procedure if exists p;
create table t(a int primary key);
insert into t values(1);
create table a(a1 int);
create procedure p(x int)
begin
DECLARE CONTINUE HANDLER FOR sqlexception insert into a values(0);
DECLARE EXIT HANDLER FOR SQLSTATE '23000' insert into a values(1);
insert into t values(1);
insert into a values(2);
end//
call p(0);
select * from a;
a1
1
drop table a;
drop table t;
drop procedure p;
create table t(a int primary key);
insert into t values(1);
create table a(a1 int);
create procedure p(x int)
begin
DECLARE aaa CONDITION FOR SQLSTATE '42S02';
DECLARE CONTINUE HANDLER FOR sqlexception insert into a values(0);
begin
DECLARE EXIT HANDLER FOR aaa insert into a values(4);
insert into t values(1);
insert into a values(2);
end;
insert into a values(3);
end//
call p(0);
select * from a;
a1
0
2
3
drop table a;
drop table t;
drop procedure p;
create table t(a int primary key);
insert into t values(1);
create table a(a1 int);
create procedure p(x int)
begin
DECLARE aaa CONDITION FOR SQLSTATE '42S02';
DECLARE CONTINUE HANDLER FOR sqlwarning insert into a values(0);
begin
DECLARE CONTINUE HANDLER FOR aaa insert into a values(4);
signal SQLSTATE '01000';
insert into a values(2);
end;
insert into a values(3);
end//
call p(0);
select * from a;
a1
0
2
3
drop table a;
drop table t;
drop procedure p;
create table t(a int primary key);
insert into t values(1);
create table a(a1 int);
create procedure p(x int)
begin
DECLARE aaa CONDITION FOR SQLSTATE '42S02';
DECLARE EXIT HANDLER FOR aaa insert into a values(0);
begin
DECLARE EXIT HANDLER FOR aaa insert into a values(4);
signal SQLSTATE '01000';
insert into a values(2);
end;
insert into a values(3);
end//
call p(0);
select * from a;
a1
2
3
drop table a;
drop table t;
drop procedure p;
create table t(a int primary key);
insert into t values(1);
create table a(a1 int);
create procedure p(x int)
begin
DECLARE aaa CONDITION FOR SQLSTATE '42S02';
DECLARE CONTINUE HANDLER FOR aaa insert into a values(0);
begin
DECLARE CONTINUE HANDLER FOR aaa insert into a values(4);
signal SQLSTATE '01000';
insert into a values(2);
end;
insert into a values(3);
end//
call p(0);
select * from a;
a1
2
3
drop table a;
drop table t;
drop procedure p;
create table t(a int primary key);
insert into t values(1);
create table a(a1 int);
create procedure p(x int)
begin
DECLARE aaa CONDITION FOR SQLSTATE '42S02';
DECLARE EXIT HANDLER FOR aaa insert into a values(0);
begin
DECLARE CONTINUE HANDLER FOR aaa insert into a values(4);
signal SQLSTATE '01000';
insert into a values(2);
end;
insert into a values(3);
end//
call p(0);
select * from a;
a1
2
3
drop table a;
drop table t;
drop procedure p;
create table t(a int primary key);
insert into t values(1);
create table a(a1 int);
create procedure p(x int)
begin
DECLARE aaa CONDITION FOR SQLSTATE '42S02';
DECLARE EXIT HANDLER FOR sqlwarning insert into a values(0);
begin
DECLARE CONTINUE HANDLER FOR aaa insert into a values(4);
signal SQLSTATE '01000';
insert into a values(2);
end;
insert into a values(3);
end//
call p(0);
select * from a;
a1
0
drop table a;
drop table t;
drop procedure p;
create table t(a int primary key);
insert into t values(1);
create table a(a1 int);
create procedure p(x int)
begin
DECLARE CONTINUE HANDLER FOR sqlwarning insert into a values(5);
begin
DECLARE aaa CONDITION FOR SQLSTATE '42S02';
DECLARE EXIT HANDLER FOR aaa insert into a values(0);
begin
DECLARE CONTINUE HANDLER FOR aaa insert into a values(4);
signal SQLSTATE '01000';
insert into a values(2);
end;
insert into a values(3);
end;
end//
call p(0);
select * from a;
a1
5
2
3
drop table a;
drop table t;
drop procedure p;
create table t(a int primary key);
insert into t values(1);
create table a(a1 int);
create procedure p(x int)
begin
DECLARE CONTINUE HANDLER FOR sqlexception insert into a values(5);
begin
DECLARE aaa CONDITION FOR SQLSTATE '42S02';
DECLARE EXIT HANDLER FOR aaa insert into a values(0);
begin
DECLARE CONTINUE HANDLER FOR aaa insert into a values(4);
signal SQLSTATE '01000';
insert into a values(2);
end;
insert into a values(3);
end;
end//
call p(0);
select * from a;
a1
2
3
drop table a;
drop table t;
drop procedure p;
create table t(a int primary key);
insert into t values(1);
create table a(a1 int);
create procedure p(x int)
begin
DECLARE aaa CONDITION FOR SQLSTATE '42S02';
DECLARE EXIT HANDLER FOR aaa insert into a values(0);
begin
DECLARE exit HANDLER FOR aaa insert into a values(4);
signal SQLSTATE '01000';
insert into a values(2);
end;
insert into a values(3);
end//
call p(0);
select * from a;
a1
2
3
drop table a;
drop table t;
drop procedure p;
create table t(a int primary key);
insert into t values(1);
create table a(a1 int);
create procedure p(x int)
begin
DECLARE aaa CONDITION FOR SQLSTATE '42S02';
DECLARE EXIT HANDLER FOR aaa insert into a values(0);
begin
DECLARE exit HANDLER FOR aaa insert into a values(4);
insert into t values(1);
insert into a values(2);
end;
insert into a values(3);
end//
call p(0);
ERROR 23000: Duplicate entry '1' for key 'PRIMARY'
select * from a;
a1
drop table a;
drop table t;
drop procedure p;
create table t(a int primary key);
insert into t values(1);
create table a(a1 int);
create procedure p(x int)
begin
begin
DECLARE aaa CONDITION FOR SQLSTATE '42S02';
DECLARE EXIT HANDLER FOR sqlexception insert into a values(0);
begin
DECLARE exit HANDLER FOR aaa insert into a values(4);
insert into t values(1);
insert into a values(2);
end;
insert into a values(3);
end;
insert into a values(5);
end//
call p(0);
select * from a;
a1
0
5
drop table a;
drop table t;
drop procedure p;
create table t(a int primary key);
insert into t values(1);
create table a(a1 int);
create procedure p(x int)
begin
DECLARE continue HANDLER FOR sqlexception insert into a values(-1);
begin
DECLARE aaa CONDITION FOR SQLSTATE '42S02';
DECLARE continue HANDLER FOR sqlexception 
begin 
insert into a values(0);
insert into t values(1);
insert into a values(6);
end;
begin
DECLARE exit HANDLER FOR aaa insert into a values(4);
insert into t values(1);
insert into a values(2);
end;
insert into a values(3);
end;
insert into a values(5);
end//
call p(0);
select * from a;
a1
0
-1
6
2
3
5
drop table a;
drop table t;
drop procedure p;
create table t(a int primary key);
insert into t values(1);
create table a(a1 int);
create procedure p(x int)
begin
DECLARE EXIT HANDLER FOR sqlexception insert into a values(0);
DECLARE EXIT HANDLER FOR SQLSTATE '23000' insert into a values(1);
insert into t values(1);
insert into a values(2);
end//
call p(0);
select * from a;
a1
1
drop table a;
drop table t;
drop procedure p;
create table t(a int primary key);
insert into t values(1);
create table a(a1 int);
create procedure p(x int)
begin
DECLARE EXIT HANDLER FOR SQLSTATE '23000' insert into a values(1);
DECLARE EXIT HANDLER FOR sqlexception insert into a values(0);
insert into t values(1);
insert into a values(2);
end//
call p(0);
select * from a;
a1
1
drop table a;
drop table t;
drop procedure p;
create table t(col int primary key);
insert into t values(1);
create procedure p()
begin
declare x condition for sqlstate '23000';
declare exit handler for x
begin
rollback;
resignal;
end;
insert into t values(1);
end;
//
call p();
//
ERROR 23000: Duplicate entry '1' for key 'PRIMARY'
drop procedure p;
drop table t;
