result_format: 4
drop table if EXISTS result;
drop procedure if exists proc_codegen;
create table result(v VARCHAR(400));


create procedure proc_codegen(
  IN proc_name varchar(20)
  , IN cnt integer
  , IN var_type varchar(10)
  , IN var_default varchar(10)
  , IN var_out varchar(10)
  , OUT proc1 varbinary(65535)
  , OUT proc2 varbinary(65535)
)
begin
  declare code varbinary(65535);
  declare i int default 1;
  set code = concat("CREATE PROCEDURE ", proc_name, cnt, "() BEGIN \n");
  
  set code = concat(code, "DECLARE ");
  while (i < cnt)
  do
    set code = concat(code, "v", i, ",");
    set i = i + 1;
  end while;
  set code = concat(code, "v", cnt, " ", var_type, " default ", var_default, ";\n");
  
  set code = concat(code, "insert into result values(concat('before ", proc_name, cnt, " ',");
  set i = 1;
  while (i < cnt)
  do
    set code = concat(code, "'v", i, "=',", "v", i, ",", "' '", ",");
    set i = i + 1;
  end while;
  set code = concat(code, "'v", i, "=',", "v", cnt, "));\n");

  set code = concat(code, "call ", proc_name, cnt, "_set(");
  set i = 1;
  while (i < cnt)
  do
    set code = concat(code, "v", i, ",");
    set i = i + 1;
  end while;
  set code = concat(code, "v", cnt, ");\n");
  set code = concat(code, "insert into result values(concat('after ", proc_name, cnt, " ',");
  set i = 1;
  while (i < cnt)
  do
    set code = concat(code, "'v", i, "=',", "v", i, ",", "' '", ",");
    set i = i + 1;
  end while;
  set code = concat(code, "'v", i, "=',", "v", cnt, "));\n");
  set code = concat(code, "END\n");
  set proc1 = code;
  set code = '';

  set code = concat("CREATE PROCEDURE ", proc_name, cnt, "_set(");
  set i = 1;
  while (i < cnt)
  do
    set code = concat(code, "OUT v", i, " ", var_type, ",");
    set i = i + 1;
  end while;
  set code = concat(code, "OUT v", i, " ", var_type, ") BEGIN \n");
  set code = concat(code, "set ");
  set i = 1;
  while (i < cnt)
  do
    set code = concat(code, "v", i, "=", var_out, ",");
    set i = i + 1;
  end while;
  set code = concat(code, "v", cnt, "=", var_out, ";\n");
  set code = concat(code, "end;\n");
  set proc2 = code;
end;
/


set @body1 = "";
set @body2 = "";

drop procedure if exists sp_var_test1;
drop procedure if exists sp_var_test2;
drop procedure if exists sp_var_test3;
drop procedure if exists sp_var_test4;
drop procedure if exists sp_var_test5;
drop procedure if exists sp_var_test6;
drop procedure if exists sp_var_test7;
drop procedure if exists sp_var_test8;
drop procedure if exists sp_var_test9;
drop procedure if exists sp_var_test10;
drop procedure if exists sp_var_test11;
drop procedure if exists sp_var_test12;
drop procedure if exists sp_var_test13;
drop procedure if exists sp_var_test14;
drop procedure if exists sp_var_test15;
drop procedure if exists sp_var_test16;
drop procedure if exists sp_var_test17;
drop procedure if exists sp_var_test18;
drop procedure if exists sp_var_test19;
drop procedure if exists sp_var_test20;
drop procedure if exists sp_var_test21;
drop procedure if exists sp_var_test22;
drop procedure if exists sp_var_test23;
drop procedure if exists sp_var_test24;

drop procedure if exists sp_var_test1_set;
drop procedure if exists sp_var_test2_set;
drop procedure if exists sp_var_test3_set;
drop procedure if exists sp_var_test4_set;
drop procedure if exists sp_var_test5_set;
drop procedure if exists sp_var_test6_set;
drop procedure if exists sp_var_test7_set;
drop procedure if exists sp_var_test8_set;
drop procedure if exists sp_var_test9_set;
drop procedure if exists sp_var_test10_set;
drop procedure if exists sp_var_test11_set;
drop procedure if exists sp_var_test12_set;
drop procedure if exists sp_var_test13_set;
drop procedure if exists sp_var_test14_set;
drop procedure if exists sp_var_test15_set;
drop procedure if exists sp_var_test16_set;
drop procedure if exists sp_var_test17_set;
drop procedure if exists sp_var_test18_set;
drop procedure if exists sp_var_test19_set;
drop procedure if exists sp_var_test20_set;
drop procedure if exists sp_var_test21_set;
drop procedure if exists sp_var_test22_set;
drop procedure if exists sp_var_test23_set;
drop procedure if exists sp_var_test24_set;
call proc_codegen("sp_var_test", 1, "int", "10", "30", @body1, @body2);
select @body1;
+------------------------------------------------------------------------------------------------------------------------------------------------------------------------------------------------------------------------------------------+
| @body1                                                                                                                                                                                                                                   |
+------------------------------------------------------------------------------------------------------------------------------------------------------------------------------------------------------------------------------------------+
| CREATE PROCEDURE sp_var_test1() BEGIN 
DECLARE v1 int default 10;
insert into result values(concat('before sp_var_test1 ','v1=',v1));
call sp_var_test1_set(v1);
insert into result values(concat('after sp_var_test1 ','v1=',v1));
END
 |
+------------------------------------------------------------------------------------------------------------------------------------------------------------------------------------------------------------------------------------------+
select @body2;
+-----------------------------------------------------------------------+
| @body2                                                                |
+-----------------------------------------------------------------------+
| CREATE PROCEDURE sp_var_test1_set(OUT v1 int) BEGIN 
set v1=30;
end;
 |
+-----------------------------------------------------------------------+
CREATE PROCEDURE sp_var_test1() BEGIN 
DECLARE v1 int default 10;
insert into result values(concat('before sp_var_test1 ','v1=',v1));
call sp_var_test1_set(v1);
insert into result values(concat('after sp_var_test1 ','v1=',v1));
END
;
CREATE PROCEDURE sp_var_test1_set(OUT v1 int) BEGIN 
set v1=30;
end;
;
call proc_codegen("sp_var_test", 2, "int", "10", "30", @body1, @body2);
select @body1;
+--------------------------------------------------------------------------------------------------------------------------------------------------------------------------------------------------------------------------------------------------------------------------+
| @body1                                                                                                                                                                                                                                                                   |
+--------------------------------------------------------------------------------------------------------------------------------------------------------------------------------------------------------------------------------------------------------------------------+
| CREATE PROCEDURE sp_var_test2() BEGIN 
DECLARE v1,v2 int default 10;
insert into result values(concat('before sp_var_test2 ','v1=',v1,' ','v2=',v2));
call sp_var_test2_set(v1,v2);
insert into result values(concat('after sp_var_test2 ','v1=',v1,' ','v2=',v2));
END
 |
+--------------------------------------------------------------------------------------------------------------------------------------------------------------------------------------------------------------------------------------------------------------------------+
select @body2;
+----------------------------------------------------------------------------------------+
| @body2                                                                                 |
+----------------------------------------------------------------------------------------+
| CREATE PROCEDURE sp_var_test2_set(OUT v1 int,OUT v2 int) BEGIN 
set v1=30,v2=30;
end;
 |
+----------------------------------------------------------------------------------------+
CREATE PROCEDURE sp_var_test2() BEGIN 
DECLARE v1,v2 int default 10;
insert into result values(concat('before sp_var_test2 ','v1=',v1,' ','v2=',v2));
call sp_var_test2_set(v1,v2);
insert into result values(concat('after sp_var_test2 ','v1=',v1,' ','v2=',v2));
END
;
CREATE PROCEDURE sp_var_test2_set(OUT v1 int,OUT v2 int) BEGIN 
set v1=30,v2=30;
end;
;
call proc_codegen("sp_var_test", 3, "int", "10", "30", @body1, @body2);
select @body1;
+----------------------------------------------------------------------------------------------------------------------------------------------------------------------------------------------------------------------------------------------------------------------------------------------------------+
| @body1                                                                                                                                                                                                                                                                                                   |
+----------------------------------------------------------------------------------------------------------------------------------------------------------------------------------------------------------------------------------------------------------------------------------------------------------+
| CREATE PROCEDURE sp_var_test3() BEGIN 
DECLARE v1,v2,v3 int default 10;
insert into result values(concat('before sp_var_test3 ','v1=',v1,' ','v2=',v2,' ','v3=',v3));
call sp_var_test3_set(v1,v2,v3);
insert into result values(concat('after sp_var_test3 ','v1=',v1,' ','v2=',v2,' ','v3=',v3));
END
 |
+----------------------------------------------------------------------------------------------------------------------------------------------------------------------------------------------------------------------------------------------------------------------------------------------------------+
select @body2;
+---------------------------------------------------------------------------------------------------------+
| @body2                                                                                                  |
+---------------------------------------------------------------------------------------------------------+
| CREATE PROCEDURE sp_var_test3_set(OUT v1 int,OUT v2 int,OUT v3 int) BEGIN 
set v1=30,v2=30,v3=30;
end;
 |
+---------------------------------------------------------------------------------------------------------+
CREATE PROCEDURE sp_var_test3() BEGIN 
DECLARE v1,v2,v3 int default 10;
insert into result values(concat('before sp_var_test3 ','v1=',v1,' ','v2=',v2,' ','v3=',v3));
call sp_var_test3_set(v1,v2,v3);
insert into result values(concat('after sp_var_test3 ','v1=',v1,' ','v2=',v2,' ','v3=',v3));
END
;
CREATE PROCEDURE sp_var_test3_set(OUT v1 int,OUT v2 int,OUT v3 int) BEGIN 
set v1=30,v2=30,v3=30;
end;
;
call proc_codegen("sp_var_test", 4, "int", "10", "30", @body1, @body2);
select @body1;
+------------------------------------------------------------------------------------------------------------------------------------------------------------------------------------------------------------------------------------------------------------------------------------------------------------------------------------------+
| @body1                                                                                                                                                                                                                                                                                                                                   |
+------------------------------------------------------------------------------------------------------------------------------------------------------------------------------------------------------------------------------------------------------------------------------------------------------------------------------------------+
| CREATE PROCEDURE sp_var_test4() BEGIN 
DECLARE v1,v2,v3,v4 int default 10;
insert into result values(concat('before sp_var_test4 ','v1=',v1,' ','v2=',v2,' ','v3=',v3,' ','v4=',v4));
call sp_var_test4_set(v1,v2,v3,v4);
insert into result values(concat('after sp_var_test4 ','v1=',v1,' ','v2=',v2,' ','v3=',v3,' ','v4=',v4));
END
 |
+------------------------------------------------------------------------------------------------------------------------------------------------------------------------------------------------------------------------------------------------------------------------------------------------------------------------------------------+
select @body2;
+--------------------------------------------------------------------------------------------------------------------------+
| @body2                                                                                                                   |
+--------------------------------------------------------------------------------------------------------------------------+
| CREATE PROCEDURE sp_var_test4_set(OUT v1 int,OUT v2 int,OUT v3 int,OUT v4 int) BEGIN 
set v1=30,v2=30,v3=30,v4=30;
end;
 |
+--------------------------------------------------------------------------------------------------------------------------+
CREATE PROCEDURE sp_var_test4() BEGIN 
DECLARE v1,v2,v3,v4 int default 10;
insert into result values(concat('before sp_var_test4 ','v1=',v1,' ','v2=',v2,' ','v3=',v3,' ','v4=',v4));
call sp_var_test4_set(v1,v2,v3,v4);
insert into result values(concat('after sp_var_test4 ','v1=',v1,' ','v2=',v2,' ','v3=',v3,' ','v4=',v4));
END
;
CREATE PROCEDURE sp_var_test4_set(OUT v1 int,OUT v2 int,OUT v3 int,OUT v4 int) BEGIN 
set v1=30,v2=30,v3=30,v4=30;
end;
;
call proc_codegen("sp_var_test", 5, "int", "10", "30", @body1, @body2);
select @body1;
+--------------------------------------------------------------------------------------------------------------------------------------------------------------------------------------------------------------------------------------------------------------------------------------------------------------------------------------------------------------------------+
| @body1                                                                                                                                                                                                                                                                                                                                                                   |
+--------------------------------------------------------------------------------------------------------------------------------------------------------------------------------------------------------------------------------------------------------------------------------------------------------------------------------------------------------------------------+
| CREATE PROCEDURE sp_var_test5() BEGIN 
DECLARE v1,v2,v3,v4,v5 int default 10;
insert into result values(concat('before sp_var_test5 ','v1=',v1,' ','v2=',v2,' ','v3=',v3,' ','v4=',v4,' ','v5=',v5));
call sp_var_test5_set(v1,v2,v3,v4,v5);
insert into result values(concat('after sp_var_test5 ','v1=',v1,' ','v2=',v2,' ','v3=',v3,' ','v4=',v4,' ','v5=',v5));
END
 |
+--------------------------------------------------------------------------------------------------------------------------------------------------------------------------------------------------------------------------------------------------------------------------------------------------------------------------------------------------------------------------+
select @body2;
+-------------------------------------------------------------------------------------------------------------------------------------------+
| @body2                                                                                                                                    |
+-------------------------------------------------------------------------------------------------------------------------------------------+
| CREATE PROCEDURE sp_var_test5_set(OUT v1 int,OUT v2 int,OUT v3 int,OUT v4 int,OUT v5 int) BEGIN 
set v1=30,v2=30,v3=30,v4=30,v5=30;
end;
 |
+-------------------------------------------------------------------------------------------------------------------------------------------+
CREATE PROCEDURE sp_var_test5() BEGIN 
DECLARE v1,v2,v3,v4,v5 int default 10;
insert into result values(concat('before sp_var_test5 ','v1=',v1,' ','v2=',v2,' ','v3=',v3,' ','v4=',v4,' ','v5=',v5));
call sp_var_test5_set(v1,v2,v3,v4,v5);
insert into result values(concat('after sp_var_test5 ','v1=',v1,' ','v2=',v2,' ','v3=',v3,' ','v4=',v4,' ','v5=',v5));
END
;
CREATE PROCEDURE sp_var_test5_set(OUT v1 int,OUT v2 int,OUT v3 int,OUT v4 int,OUT v5 int) BEGIN 
set v1=30,v2=30,v3=30,v4=30,v5=30;
end;
;
call proc_codegen("sp_var_test", 6, "int", "10", "30", @body1, @body2);
select @body1;
+----------------------------------------------------------------------------------------------------------------------------------------------------------------------------------------------------------------------------------------------------------------------------------------------------------------------------------------------------------------------------------------------------------+
| @body1                                                                                                                                                                                                                                                                                                                                                                                                   |
+----------------------------------------------------------------------------------------------------------------------------------------------------------------------------------------------------------------------------------------------------------------------------------------------------------------------------------------------------------------------------------------------------------+
| CREATE PROCEDURE sp_var_test6() BEGIN 
DECLARE v1,v2,v3,v4,v5,v6 int default 10;
insert into result values(concat('before sp_var_test6 ','v1=',v1,' ','v2=',v2,' ','v3=',v3,' ','v4=',v4,' ','v5=',v5,' ','v6=',v6));
call sp_var_test6_set(v1,v2,v3,v4,v5,v6);
insert into result values(concat('after sp_var_test6 ','v1=',v1,' ','v2=',v2,' ','v3=',v3,' ','v4=',v4,' ','v5=',v5,' ','v6=',v6));
END
 |
+----------------------------------------------------------------------------------------------------------------------------------------------------------------------------------------------------------------------------------------------------------------------------------------------------------------------------------------------------------------------------------------------------------+
select @body2;
+------------------------------------------------------------------------------------------------------------------------------------------------------------+
| @body2                                                                                                                                                     |
+------------------------------------------------------------------------------------------------------------------------------------------------------------+
| CREATE PROCEDURE sp_var_test6_set(OUT v1 int,OUT v2 int,OUT v3 int,OUT v4 int,OUT v5 int,OUT v6 int) BEGIN 
set v1=30,v2=30,v3=30,v4=30,v5=30,v6=30;
end;
 |
+------------------------------------------------------------------------------------------------------------------------------------------------------------+
CREATE PROCEDURE sp_var_test6() BEGIN 
DECLARE v1,v2,v3,v4,v5,v6 int default 10;
insert into result values(concat('before sp_var_test6 ','v1=',v1,' ','v2=',v2,' ','v3=',v3,' ','v4=',v4,' ','v5=',v5,' ','v6=',v6));
call sp_var_test6_set(v1,v2,v3,v4,v5,v6);
insert into result values(concat('after sp_var_test6 ','v1=',v1,' ','v2=',v2,' ','v3=',v3,' ','v4=',v4,' ','v5=',v5,' ','v6=',v6));
END
;
CREATE PROCEDURE sp_var_test6_set(OUT v1 int,OUT v2 int,OUT v3 int,OUT v4 int,OUT v5 int,OUT v6 int) BEGIN 
set v1=30,v2=30,v3=30,v4=30,v5=30,v6=30;
end;
;
call proc_codegen("sp_var_test", 7, "int", "10", "30", @body1, @body2);
select @body1;
+------------------------------------------------------------------------------------------------------------------------------------------------------------------------------------------------------------------------------------------------------------------------------------------------------------------------------------------------------------------------------------------------------------------------------------------+
| @body1                                                                                                                                                                                                                                                                                                                                                                                                                                   |
+------------------------------------------------------------------------------------------------------------------------------------------------------------------------------------------------------------------------------------------------------------------------------------------------------------------------------------------------------------------------------------------------------------------------------------------+
| CREATE PROCEDURE sp_var_test7() BEGIN 
DECLARE v1,v2,v3,v4,v5,v6,v7 int default 10;
insert into result values(concat('before sp_var_test7 ','v1=',v1,' ','v2=',v2,' ','v3=',v3,' ','v4=',v4,' ','v5=',v5,' ','v6=',v6,' ','v7=',v7));
call sp_var_test7_set(v1,v2,v3,v4,v5,v6,v7);
insert into result values(concat('after sp_var_test7 ','v1=',v1,' ','v2=',v2,' ','v3=',v3,' ','v4=',v4,' ','v5=',v5,' ','v6=',v6,' ','v7=',v7));
END
 |
+------------------------------------------------------------------------------------------------------------------------------------------------------------------------------------------------------------------------------------------------------------------------------------------------------------------------------------------------------------------------------------------------------------------------------------------+
select @body2;
+-----------------------------------------------------------------------------------------------------------------------------------------------------------------------------+
| @body2                                                                                                                                                                      |
+-----------------------------------------------------------------------------------------------------------------------------------------------------------------------------+
| CREATE PROCEDURE sp_var_test7_set(OUT v1 int,OUT v2 int,OUT v3 int,OUT v4 int,OUT v5 int,OUT v6 int,OUT v7 int) BEGIN 
set v1=30,v2=30,v3=30,v4=30,v5=30,v6=30,v7=30;
end;
 |
+-----------------------------------------------------------------------------------------------------------------------------------------------------------------------------+
CREATE PROCEDURE sp_var_test7() BEGIN 
DECLARE v1,v2,v3,v4,v5,v6,v7 int default 10;
insert into result values(concat('before sp_var_test7 ','v1=',v1,' ','v2=',v2,' ','v3=',v3,' ','v4=',v4,' ','v5=',v5,' ','v6=',v6,' ','v7=',v7));
call sp_var_test7_set(v1,v2,v3,v4,v5,v6,v7);
insert into result values(concat('after sp_var_test7 ','v1=',v1,' ','v2=',v2,' ','v3=',v3,' ','v4=',v4,' ','v5=',v5,' ','v6=',v6,' ','v7=',v7));
END
;
CREATE PROCEDURE sp_var_test7_set(OUT v1 int,OUT v2 int,OUT v3 int,OUT v4 int,OUT v5 int,OUT v6 int,OUT v7 int) BEGIN 
set v1=30,v2=30,v3=30,v4=30,v5=30,v6=30,v7=30;
end;
;
call proc_codegen("sp_var_test", 8, "int", "10", "30", @body1, @body2);
select @body1;
+--------------------------------------------------------------------------------------------------------------------------------------------------------------------------------------------------------------------------------------------------------------------------------------------------------------------------------------------------------------------------------------------------------------------------------------------------------------------------+
| @body1                                                                                                                                                                                                                                                                                                                                                                                                                                                                   |
+--------------------------------------------------------------------------------------------------------------------------------------------------------------------------------------------------------------------------------------------------------------------------------------------------------------------------------------------------------------------------------------------------------------------------------------------------------------------------+
| CREATE PROCEDURE sp_var_test8() BEGIN 
DECLARE v1,v2,v3,v4,v5,v6,v7,v8 int default 10;
insert into result values(concat('before sp_var_test8 ','v1=',v1,' ','v2=',v2,' ','v3=',v3,' ','v4=',v4,' ','v5=',v5,' ','v6=',v6,' ','v7=',v7,' ','v8=',v8));
call sp_var_test8_set(v1,v2,v3,v4,v5,v6,v7,v8);
insert into result values(concat('after sp_var_test8 ','v1=',v1,' ','v2=',v2,' ','v3=',v3,' ','v4=',v4,' ','v5=',v5,' ','v6=',v6,' ','v7=',v7,' ','v8=',v8));
END
 |
+--------------------------------------------------------------------------------------------------------------------------------------------------------------------------------------------------------------------------------------------------------------------------------------------------------------------------------------------------------------------------------------------------------------------------------------------------------------------------+
select @body2;
+----------------------------------------------------------------------------------------------------------------------------------------------------------------------------------------------+
| @body2                                                                                                                                                                                       |
+----------------------------------------------------------------------------------------------------------------------------------------------------------------------------------------------+
| CREATE PROCEDURE sp_var_test8_set(OUT v1 int,OUT v2 int,OUT v3 int,OUT v4 int,OUT v5 int,OUT v6 int,OUT v7 int,OUT v8 int) BEGIN 
set v1=30,v2=30,v3=30,v4=30,v5=30,v6=30,v7=30,v8=30;
end;
 |
+----------------------------------------------------------------------------------------------------------------------------------------------------------------------------------------------+
CREATE PROCEDURE sp_var_test8() BEGIN 
DECLARE v1,v2,v3,v4,v5,v6,v7,v8 int default 10;
insert into result values(concat('before sp_var_test8 ','v1=',v1,' ','v2=',v2,' ','v3=',v3,' ','v4=',v4,' ','v5=',v5,' ','v6=',v6,' ','v7=',v7,' ','v8=',v8));
call sp_var_test8_set(v1,v2,v3,v4,v5,v6,v7,v8);
insert into result values(concat('after sp_var_test8 ','v1=',v1,' ','v2=',v2,' ','v3=',v3,' ','v4=',v4,' ','v5=',v5,' ','v6=',v6,' ','v7=',v7,' ','v8=',v8));
END
;
CREATE PROCEDURE sp_var_test8_set(OUT v1 int,OUT v2 int,OUT v3 int,OUT v4 int,OUT v5 int,OUT v6 int,OUT v7 int,OUT v8 int) BEGIN 
set v1=30,v2=30,v3=30,v4=30,v5=30,v6=30,v7=30,v8=30;
end;
;
call proc_codegen("sp_var_test", 9, "int", "10", "30", @body1, @body2);
select @body1;
+----------------------------------------------------------------------------------------------------------------------------------------------------------------------------------------------------------------------------------------------------------------------------------------------------------------------------------------------------------------------------------------------------------------------------------------------------------------------------------------------------------+
| @body1                                                                                                                                                                                                                                                                                                                                                                                                                                                                                                   |
+----------------------------------------------------------------------------------------------------------------------------------------------------------------------------------------------------------------------------------------------------------------------------------------------------------------------------------------------------------------------------------------------------------------------------------------------------------------------------------------------------------+
| CREATE PROCEDURE sp_var_test9() BEGIN 
DECLARE v1,v2,v3,v4,v5,v6,v7,v8,v9 int default 10;
insert into result values(concat('before sp_var_test9 ','v1=',v1,' ','v2=',v2,' ','v3=',v3,' ','v4=',v4,' ','v5=',v5,' ','v6=',v6,' ','v7=',v7,' ','v8=',v8,' ','v9=',v9));
call sp_var_test9_set(v1,v2,v3,v4,v5,v6,v7,v8,v9);
insert into result values(concat('after sp_var_test9 ','v1=',v1,' ','v2=',v2,' ','v3=',v3,' ','v4=',v4,' ','v5=',v5,' ','v6=',v6,' ','v7=',v7,' ','v8=',v8,' ','v9=',v9));
END
 |
+----------------------------------------------------------------------------------------------------------------------------------------------------------------------------------------------------------------------------------------------------------------------------------------------------------------------------------------------------------------------------------------------------------------------------------------------------------------------------------------------------------+
select @body2;
+---------------------------------------------------------------------------------------------------------------------------------------------------------------------------------------------------------------+
| @body2                                                                                                                                                                                                        |
+---------------------------------------------------------------------------------------------------------------------------------------------------------------------------------------------------------------+
| CREATE PROCEDURE sp_var_test9_set(OUT v1 int,OUT v2 int,OUT v3 int,OUT v4 int,OUT v5 int,OUT v6 int,OUT v7 int,OUT v8 int,OUT v9 int) BEGIN 
set v1=30,v2=30,v3=30,v4=30,v5=30,v6=30,v7=30,v8=30,v9=30;
end;
 |
+---------------------------------------------------------------------------------------------------------------------------------------------------------------------------------------------------------------+
CREATE PROCEDURE sp_var_test9() BEGIN 
DECLARE v1,v2,v3,v4,v5,v6,v7,v8,v9 int default 10;
insert into result values(concat('before sp_var_test9 ','v1=',v1,' ','v2=',v2,' ','v3=',v3,' ','v4=',v4,' ','v5=',v5,' ','v6=',v6,' ','v7=',v7,' ','v8=',v8,' ','v9=',v9));
call sp_var_test9_set(v1,v2,v3,v4,v5,v6,v7,v8,v9);
insert into result values(concat('after sp_var_test9 ','v1=',v1,' ','v2=',v2,' ','v3=',v3,' ','v4=',v4,' ','v5=',v5,' ','v6=',v6,' ','v7=',v7,' ','v8=',v8,' ','v9=',v9));
END
;
CREATE PROCEDURE sp_var_test9_set(OUT v1 int,OUT v2 int,OUT v3 int,OUT v4 int,OUT v5 int,OUT v6 int,OUT v7 int,OUT v8 int,OUT v9 int) BEGIN 
set v1=30,v2=30,v3=30,v4=30,v5=30,v6=30,v7=30,v8=30,v9=30;
end;
;
call proc_codegen("sp_var_test", 10, "int", "10", "30", @body1, @body2);
select @body1;
+----------------------------------------------------------------------------------------------------------------------------------------------------------------------------------------------------------------------------------------------------------------------------------------------------------------------------------------------------------------------------------------------------------------------------------------------------------------------------------------------------------------------------------------------------+
| @body1                                                                                                                                                                                                                                                                                                                                                                                                                                                                                                                                             |
+----------------------------------------------------------------------------------------------------------------------------------------------------------------------------------------------------------------------------------------------------------------------------------------------------------------------------------------------------------------------------------------------------------------------------------------------------------------------------------------------------------------------------------------------------+
| CREATE PROCEDURE sp_var_test10() BEGIN 
DECLARE v1,v2,v3,v4,v5,v6,v7,v8,v9,v10 int default 10;
insert into result values(concat('before sp_var_test10 ','v1=',v1,' ','v2=',v2,' ','v3=',v3,' ','v4=',v4,' ','v5=',v5,' ','v6=',v6,' ','v7=',v7,' ','v8=',v8,' ','v9=',v9,' ','v10=',v10));
call sp_var_test10_set(v1,v2,v3,v4,v5,v6,v7,v8,v9,v10);
insert into result values(concat('after sp_var_test10 ','v1=',v1,' ','v2=',v2,' ','v3=',v3,' ','v4=',v4,' ','v5=',v5,' ','v6=',v6,' ','v7=',v7,' ','v8=',v8,' ','v9=',v9,' ','v10=',v10));
END
 |
+----------------------------------------------------------------------------------------------------------------------------------------------------------------------------------------------------------------------------------------------------------------------------------------------------------------------------------------------------------------------------------------------------------------------------------------------------------------------------------------------------------------------------------------------------+
select @body2;
+-----------------------------------------------------------------------------------------------------------------------------------------------------------------------------------------------------------------------------------+
| @body2                                                                                                                                                                                                                            |
+-----------------------------------------------------------------------------------------------------------------------------------------------------------------------------------------------------------------------------------+
| CREATE PROCEDURE sp_var_test10_set(OUT v1 int,OUT v2 int,OUT v3 int,OUT v4 int,OUT v5 int,OUT v6 int,OUT v7 int,OUT v8 int,OUT v9 int,OUT v10 int) BEGIN 
set v1=30,v2=30,v3=30,v4=30,v5=30,v6=30,v7=30,v8=30,v9=30,v10=30;
end;
 |
+-----------------------------------------------------------------------------------------------------------------------------------------------------------------------------------------------------------------------------------+
CREATE PROCEDURE sp_var_test10() BEGIN 
DECLARE v1,v2,v3,v4,v5,v6,v7,v8,v9,v10 int default 10;
insert into result values(concat('before sp_var_test10 ','v1=',v1,' ','v2=',v2,' ','v3=',v3,' ','v4=',v4,' ','v5=',v5,' ','v6=',v6,' ','v7=',v7,' ','v8=',v8,' ','v9=',v9,' ','v10=',v10));
call sp_var_test10_set(v1,v2,v3,v4,v5,v6,v7,v8,v9,v10);
insert into result values(concat('after sp_var_test10 ','v1=',v1,' ','v2=',v2,' ','v3=',v3,' ','v4=',v4,' ','v5=',v5,' ','v6=',v6,' ','v7=',v7,' ','v8=',v8,' ','v9=',v9,' ','v10=',v10));
END
;
CREATE PROCEDURE sp_var_test10_set(OUT v1 int,OUT v2 int,OUT v3 int,OUT v4 int,OUT v5 int,OUT v6 int,OUT v7 int,OUT v8 int,OUT v9 int,OUT v10 int) BEGIN 
set v1=30,v2=30,v3=30,v4=30,v5=30,v6=30,v7=30,v8=30,v9=30,v10=30;
end;
;
call proc_codegen("sp_var_test", 11, "int", "10", "30", @body1, @body2);
select @body1;
+------------------------------------------------------------------------------------------------------------------------------------------------------------------------------------------------------------------------------------------------------------------------------------------------------------------------------------------------------------------------------------------------------------------------------------------------------------------------------------------------------------------------------------------------------------------------------------------+
| @body1                                                                                                                                                                                                                                                                                                                                                                                                                                                                                                                                                                                   |
+------------------------------------------------------------------------------------------------------------------------------------------------------------------------------------------------------------------------------------------------------------------------------------------------------------------------------------------------------------------------------------------------------------------------------------------------------------------------------------------------------------------------------------------------------------------------------------------+
| CREATE PROCEDURE sp_var_test11() BEGIN 
DECLARE v1,v2,v3,v4,v5,v6,v7,v8,v9,v10,v11 int default 10;
insert into result values(concat('before sp_var_test11 ','v1=',v1,' ','v2=',v2,' ','v3=',v3,' ','v4=',v4,' ','v5=',v5,' ','v6=',v6,' ','v7=',v7,' ','v8=',v8,' ','v9=',v9,' ','v10=',v10,' ','v11=',v11));
call sp_var_test11_set(v1,v2,v3,v4,v5,v6,v7,v8,v9,v10,v11);
insert into result values(concat('after sp_var_test11 ','v1=',v1,' ','v2=',v2,' ','v3=',v3,' ','v4=',v4,' ','v5=',v5,' ','v6=',v6,' ','v7=',v7,' ','v8=',v8,' ','v9=',v9,' ','v10=',v10,' ','v11=',v11));
END
 |
+------------------------------------------------------------------------------------------------------------------------------------------------------------------------------------------------------------------------------------------------------------------------------------------------------------------------------------------------------------------------------------------------------------------------------------------------------------------------------------------------------------------------------------------------------------------------------------------+
select @body2;
+------------------------------------------------------------------------------------------------------------------------------------------------------------------------------------------------------------------------------------------------------+
| @body2                                                                                                                                                                                                                                               |
+------------------------------------------------------------------------------------------------------------------------------------------------------------------------------------------------------------------------------------------------------+
| CREATE PROCEDURE sp_var_test11_set(OUT v1 int,OUT v2 int,OUT v3 int,OUT v4 int,OUT v5 int,OUT v6 int,OUT v7 int,OUT v8 int,OUT v9 int,OUT v10 int,OUT v11 int) BEGIN 
set v1=30,v2=30,v3=30,v4=30,v5=30,v6=30,v7=30,v8=30,v9=30,v10=30,v11=30;
end;
 |
+------------------------------------------------------------------------------------------------------------------------------------------------------------------------------------------------------------------------------------------------------+
CREATE PROCEDURE sp_var_test11() BEGIN 
DECLARE v1,v2,v3,v4,v5,v6,v7,v8,v9,v10,v11 int default 10;
insert into result values(concat('before sp_var_test11 ','v1=',v1,' ','v2=',v2,' ','v3=',v3,' ','v4=',v4,' ','v5=',v5,' ','v6=',v6,' ','v7=',v7,' ','v8=',v8,' ','v9=',v9,' ','v10=',v10,' ','v11=',v11));
call sp_var_test11_set(v1,v2,v3,v4,v5,v6,v7,v8,v9,v10,v11);
insert into result values(concat('after sp_var_test11 ','v1=',v1,' ','v2=',v2,' ','v3=',v3,' ','v4=',v4,' ','v5=',v5,' ','v6=',v6,' ','v7=',v7,' ','v8=',v8,' ','v9=',v9,' ','v10=',v10,' ','v11=',v11));
END
;
CREATE PROCEDURE sp_var_test11_set(OUT v1 int,OUT v2 int,OUT v3 int,OUT v4 int,OUT v5 int,OUT v6 int,OUT v7 int,OUT v8 int,OUT v9 int,OUT v10 int,OUT v11 int) BEGIN 
set v1=30,v2=30,v3=30,v4=30,v5=30,v6=30,v7=30,v8=30,v9=30,v10=30,v11=30;
end;
;
call proc_codegen("sp_var_test", 12, "int", "10", "30", @body1, @body2);
select @body1;
+--------------------------------------------------------------------------------------------------------------------------------------------------------------------------------------------------------------------------------------------------------------------------------------------------------------------------------------------------------------------------------------------------------------------------------------------------------------------------------------------------------------------------------------------------------------------------------------------------------------------------------+
| @body1                                                                                                                                                                                                                                                                                                                                                                                                                                                                                                                                                                                                                         |
+--------------------------------------------------------------------------------------------------------------------------------------------------------------------------------------------------------------------------------------------------------------------------------------------------------------------------------------------------------------------------------------------------------------------------------------------------------------------------------------------------------------------------------------------------------------------------------------------------------------------------------+
| CREATE PROCEDURE sp_var_test12() BEGIN 
DECLARE v1,v2,v3,v4,v5,v6,v7,v8,v9,v10,v11,v12 int default 10;
insert into result values(concat('before sp_var_test12 ','v1=',v1,' ','v2=',v2,' ','v3=',v3,' ','v4=',v4,' ','v5=',v5,' ','v6=',v6,' ','v7=',v7,' ','v8=',v8,' ','v9=',v9,' ','v10=',v10,' ','v11=',v11,' ','v12=',v12));
call sp_var_test12_set(v1,v2,v3,v4,v5,v6,v7,v8,v9,v10,v11,v12);
insert into result values(concat('after sp_var_test12 ','v1=',v1,' ','v2=',v2,' ','v3=',v3,' ','v4=',v4,' ','v5=',v5,' ','v6=',v6,' ','v7=',v7,' ','v8=',v8,' ','v9=',v9,' ','v10=',v10,' ','v11=',v11,' ','v12=',v12));
END
 |
+--------------------------------------------------------------------------------------------------------------------------------------------------------------------------------------------------------------------------------------------------------------------------------------------------------------------------------------------------------------------------------------------------------------------------------------------------------------------------------------------------------------------------------------------------------------------------------------------------------------------------------+
select @body2;
+-------------------------------------------------------------------------------------------------------------------------------------------------------------------------------------------------------------------------------------------------------------------------+
| @body2                                                                                                                                                                                                                                                                  |
+-------------------------------------------------------------------------------------------------------------------------------------------------------------------------------------------------------------------------------------------------------------------------+
| CREATE PROCEDURE sp_var_test12_set(OUT v1 int,OUT v2 int,OUT v3 int,OUT v4 int,OUT v5 int,OUT v6 int,OUT v7 int,OUT v8 int,OUT v9 int,OUT v10 int,OUT v11 int,OUT v12 int) BEGIN 
set v1=30,v2=30,v3=30,v4=30,v5=30,v6=30,v7=30,v8=30,v9=30,v10=30,v11=30,v12=30;
end;
 |
+-------------------------------------------------------------------------------------------------------------------------------------------------------------------------------------------------------------------------------------------------------------------------+
CREATE PROCEDURE sp_var_test12() BEGIN 
DECLARE v1,v2,v3,v4,v5,v6,v7,v8,v9,v10,v11,v12 int default 10;
insert into result values(concat('before sp_var_test12 ','v1=',v1,' ','v2=',v2,' ','v3=',v3,' ','v4=',v4,' ','v5=',v5,' ','v6=',v6,' ','v7=',v7,' ','v8=',v8,' ','v9=',v9,' ','v10=',v10,' ','v11=',v11,' ','v12=',v12));
call sp_var_test12_set(v1,v2,v3,v4,v5,v6,v7,v8,v9,v10,v11,v12);
insert into result values(concat('after sp_var_test12 ','v1=',v1,' ','v2=',v2,' ','v3=',v3,' ','v4=',v4,' ','v5=',v5,' ','v6=',v6,' ','v7=',v7,' ','v8=',v8,' ','v9=',v9,' ','v10=',v10,' ','v11=',v11,' ','v12=',v12));
END
;
CREATE PROCEDURE sp_var_test12_set(OUT v1 int,OUT v2 int,OUT v3 int,OUT v4 int,OUT v5 int,OUT v6 int,OUT v7 int,OUT v8 int,OUT v9 int,OUT v10 int,OUT v11 int,OUT v12 int) BEGIN 
set v1=30,v2=30,v3=30,v4=30,v5=30,v6=30,v7=30,v8=30,v9=30,v10=30,v11=30,v12=30;
end;
;
call proc_codegen("sp_var_test", 13, "int", "10", "30", @body1, @body2);
select @body1;
+----------------------------------------------------------------------------------------------------------------------------------------------------------------------------------------------------------------------------------------------------------------------------------------------------------------------------------------------------------------------------------------------------------------------------------------------------------------------------------------------------------------------------------------------------------------------------------------------------------------------------------------------------------------------+
| @body1                                                                                                                                                                                                                                                                                                                                                                                                                                                                                                                                                                                                                                                               |
+----------------------------------------------------------------------------------------------------------------------------------------------------------------------------------------------------------------------------------------------------------------------------------------------------------------------------------------------------------------------------------------------------------------------------------------------------------------------------------------------------------------------------------------------------------------------------------------------------------------------------------------------------------------------+
| CREATE PROCEDURE sp_var_test13() BEGIN 
DECLARE v1,v2,v3,v4,v5,v6,v7,v8,v9,v10,v11,v12,v13 int default 10;
insert into result values(concat('before sp_var_test13 ','v1=',v1,' ','v2=',v2,' ','v3=',v3,' ','v4=',v4,' ','v5=',v5,' ','v6=',v6,' ','v7=',v7,' ','v8=',v8,' ','v9=',v9,' ','v10=',v10,' ','v11=',v11,' ','v12=',v12,' ','v13=',v13));
call sp_var_test13_set(v1,v2,v3,v4,v5,v6,v7,v8,v9,v10,v11,v12,v13);
insert into result values(concat('after sp_var_test13 ','v1=',v1,' ','v2=',v2,' ','v3=',v3,' ','v4=',v4,' ','v5=',v5,' ','v6=',v6,' ','v7=',v7,' ','v8=',v8,' ','v9=',v9,' ','v10=',v10,' ','v11=',v11,' ','v12=',v12,' ','v13=',v13));
END
 |
+----------------------------------------------------------------------------------------------------------------------------------------------------------------------------------------------------------------------------------------------------------------------------------------------------------------------------------------------------------------------------------------------------------------------------------------------------------------------------------------------------------------------------------------------------------------------------------------------------------------------------------------------------------------------+
select @body2;
+--------------------------------------------------------------------------------------------------------------------------------------------------------------------------------------------------------------------------------------------------------------------------------------------+
| @body2                                                                                                                                                                                                                                                                                     |
+--------------------------------------------------------------------------------------------------------------------------------------------------------------------------------------------------------------------------------------------------------------------------------------------+
| CREATE PROCEDURE sp_var_test13_set(OUT v1 int,OUT v2 int,OUT v3 int,OUT v4 int,OUT v5 int,OUT v6 int,OUT v7 int,OUT v8 int,OUT v9 int,OUT v10 int,OUT v11 int,OUT v12 int,OUT v13 int) BEGIN 
set v1=30,v2=30,v3=30,v4=30,v5=30,v6=30,v7=30,v8=30,v9=30,v10=30,v11=30,v12=30,v13=30;
end;
 |
+--------------------------------------------------------------------------------------------------------------------------------------------------------------------------------------------------------------------------------------------------------------------------------------------+
CREATE PROCEDURE sp_var_test13() BEGIN 
DECLARE v1,v2,v3,v4,v5,v6,v7,v8,v9,v10,v11,v12,v13 int default 10;
insert into result values(concat('before sp_var_test13 ','v1=',v1,' ','v2=',v2,' ','v3=',v3,' ','v4=',v4,' ','v5=',v5,' ','v6=',v6,' ','v7=',v7,' ','v8=',v8,' ','v9=',v9,' ','v10=',v10,' ','v11=',v11,' ','v12=',v12,' ','v13=',v13));
call sp_var_test13_set(v1,v2,v3,v4,v5,v6,v7,v8,v9,v10,v11,v12,v13);
insert into result values(concat('after sp_var_test13 ','v1=',v1,' ','v2=',v2,' ','v3=',v3,' ','v4=',v4,' ','v5=',v5,' ','v6=',v6,' ','v7=',v7,' ','v8=',v8,' ','v9=',v9,' ','v10=',v10,' ','v11=',v11,' ','v12=',v12,' ','v13=',v13));
END
;
CREATE PROCEDURE sp_var_test13_set(OUT v1 int,OUT v2 int,OUT v3 int,OUT v4 int,OUT v5 int,OUT v6 int,OUT v7 int,OUT v8 int,OUT v9 int,OUT v10 int,OUT v11 int,OUT v12 int,OUT v13 int) BEGIN 
set v1=30,v2=30,v3=30,v4=30,v5=30,v6=30,v7=30,v8=30,v9=30,v10=30,v11=30,v12=30,v13=30;
end;
;
call proc_codegen("sp_var_test", 14, "int", "10", "30", @body1, @body2);
select @body1;
+------------------------------------------------------------------------------------------------------------------------------------------------------------------------------------------------------------------------------------------------------------------------------------------------------------------------------------------------------------------------------------------------------------------------------------------------------------------------------------------------------------------------------------------------------------------------------------------------------------------------------------------------------------------------------------------------------------+
| @body1                                                                                                                                                                                                                                                                                                                                                                                                                                                                                                                                                                                                                                                                                                     |
+------------------------------------------------------------------------------------------------------------------------------------------------------------------------------------------------------------------------------------------------------------------------------------------------------------------------------------------------------------------------------------------------------------------------------------------------------------------------------------------------------------------------------------------------------------------------------------------------------------------------------------------------------------------------------------------------------------+
| CREATE PROCEDURE sp_var_test14() BEGIN 
DECLARE v1,v2,v3,v4,v5,v6,v7,v8,v9,v10,v11,v12,v13,v14 int default 10;
insert into result values(concat('before sp_var_test14 ','v1=',v1,' ','v2=',v2,' ','v3=',v3,' ','v4=',v4,' ','v5=',v5,' ','v6=',v6,' ','v7=',v7,' ','v8=',v8,' ','v9=',v9,' ','v10=',v10,' ','v11=',v11,' ','v12=',v12,' ','v13=',v13,' ','v14=',v14));
call sp_var_test14_set(v1,v2,v3,v4,v5,v6,v7,v8,v9,v10,v11,v12,v13,v14);
insert into result values(concat('after sp_var_test14 ','v1=',v1,' ','v2=',v2,' ','v3=',v3,' ','v4=',v4,' ','v5=',v5,' ','v6=',v6,' ','v7=',v7,' ','v8=',v8,' ','v9=',v9,' ','v10=',v10,' ','v11=',v11,' ','v12=',v12,' ','v13=',v13,' ','v14=',v14));
END
 |
+------------------------------------------------------------------------------------------------------------------------------------------------------------------------------------------------------------------------------------------------------------------------------------------------------------------------------------------------------------------------------------------------------------------------------------------------------------------------------------------------------------------------------------------------------------------------------------------------------------------------------------------------------------------------------------------------------------+
select @body2;
+---------------------------------------------------------------------------------------------------------------------------------------------------------------------------------------------------------------------------------------------------------------------------------------------------------------+
| @body2                                                                                                                                                                                                                                                                                                        |
+---------------------------------------------------------------------------------------------------------------------------------------------------------------------------------------------------------------------------------------------------------------------------------------------------------------+
| CREATE PROCEDURE sp_var_test14_set(OUT v1 int,OUT v2 int,OUT v3 int,OUT v4 int,OUT v5 int,OUT v6 int,OUT v7 int,OUT v8 int,OUT v9 int,OUT v10 int,OUT v11 int,OUT v12 int,OUT v13 int,OUT v14 int) BEGIN 
set v1=30,v2=30,v3=30,v4=30,v5=30,v6=30,v7=30,v8=30,v9=30,v10=30,v11=30,v12=30,v13=30,v14=30;
end;
 |
+---------------------------------------------------------------------------------------------------------------------------------------------------------------------------------------------------------------------------------------------------------------------------------------------------------------+
CREATE PROCEDURE sp_var_test14() BEGIN 
DECLARE v1,v2,v3,v4,v5,v6,v7,v8,v9,v10,v11,v12,v13,v14 int default 10;
insert into result values(concat('before sp_var_test14 ','v1=',v1,' ','v2=',v2,' ','v3=',v3,' ','v4=',v4,' ','v5=',v5,' ','v6=',v6,' ','v7=',v7,' ','v8=',v8,' ','v9=',v9,' ','v10=',v10,' ','v11=',v11,' ','v12=',v12,' ','v13=',v13,' ','v14=',v14));
call sp_var_test14_set(v1,v2,v3,v4,v5,v6,v7,v8,v9,v10,v11,v12,v13,v14);
insert into result values(concat('after sp_var_test14 ','v1=',v1,' ','v2=',v2,' ','v3=',v3,' ','v4=',v4,' ','v5=',v5,' ','v6=',v6,' ','v7=',v7,' ','v8=',v8,' ','v9=',v9,' ','v10=',v10,' ','v11=',v11,' ','v12=',v12,' ','v13=',v13,' ','v14=',v14));
END
;
CREATE PROCEDURE sp_var_test14_set(OUT v1 int,OUT v2 int,OUT v3 int,OUT v4 int,OUT v5 int,OUT v6 int,OUT v7 int,OUT v8 int,OUT v9 int,OUT v10 int,OUT v11 int,OUT v12 int,OUT v13 int,OUT v14 int) BEGIN 
set v1=30,v2=30,v3=30,v4=30,v5=30,v6=30,v7=30,v8=30,v9=30,v10=30,v11=30,v12=30,v13=30,v14=30;
end;
;
call proc_codegen("sp_var_test", 15, "int", "10", "30", @body1, @body2);
select @body1;
+--------------------------------------------------------------------------------------------------------------------------------------------------------------------------------------------------------------------------------------------------------------------------------------------------------------------------------------------------------------------------------------------------------------------------------------------------------------------------------------------------------------------------------------------------------------------------------------------------------------------------------------------------------------------------------------------------------------------------------------------------+
| @body1                                                                                                                                                                                                                                                                                                                                                                                                                                                                                                                                                                                                                                                                                                                                           |
+--------------------------------------------------------------------------------------------------------------------------------------------------------------------------------------------------------------------------------------------------------------------------------------------------------------------------------------------------------------------------------------------------------------------------------------------------------------------------------------------------------------------------------------------------------------------------------------------------------------------------------------------------------------------------------------------------------------------------------------------------+
| CREATE PROCEDURE sp_var_test15() BEGIN 
DECLARE v1,v2,v3,v4,v5,v6,v7,v8,v9,v10,v11,v12,v13,v14,v15 int default 10;
insert into result values(concat('before sp_var_test15 ','v1=',v1,' ','v2=',v2,' ','v3=',v3,' ','v4=',v4,' ','v5=',v5,' ','v6=',v6,' ','v7=',v7,' ','v8=',v8,' ','v9=',v9,' ','v10=',v10,' ','v11=',v11,' ','v12=',v12,' ','v13=',v13,' ','v14=',v14,' ','v15=',v15));
call sp_var_test15_set(v1,v2,v3,v4,v5,v6,v7,v8,v9,v10,v11,v12,v13,v14,v15);
insert into result values(concat('after sp_var_test15 ','v1=',v1,' ','v2=',v2,' ','v3=',v3,' ','v4=',v4,' ','v5=',v5,' ','v6=',v6,' ','v7=',v7,' ','v8=',v8,' ','v9=',v9,' ','v10=',v10,' ','v11=',v11,' ','v12=',v12,' ','v13=',v13,' ','v14=',v14,' ','v15=',v15));
END
 |
+--------------------------------------------------------------------------------------------------------------------------------------------------------------------------------------------------------------------------------------------------------------------------------------------------------------------------------------------------------------------------------------------------------------------------------------------------------------------------------------------------------------------------------------------------------------------------------------------------------------------------------------------------------------------------------------------------------------------------------------------------+
select @body2;
+----------------------------------------------------------------------------------------------------------------------------------------------------------------------------------------------------------------------------------------------------------------------------------------------------------------------------------+
| @body2                                                                                                                                                                                                                                                                                                                           |
+----------------------------------------------------------------------------------------------------------------------------------------------------------------------------------------------------------------------------------------------------------------------------------------------------------------------------------+
| CREATE PROCEDURE sp_var_test15_set(OUT v1 int,OUT v2 int,OUT v3 int,OUT v4 int,OUT v5 int,OUT v6 int,OUT v7 int,OUT v8 int,OUT v9 int,OUT v10 int,OUT v11 int,OUT v12 int,OUT v13 int,OUT v14 int,OUT v15 int) BEGIN 
set v1=30,v2=30,v3=30,v4=30,v5=30,v6=30,v7=30,v8=30,v9=30,v10=30,v11=30,v12=30,v13=30,v14=30,v15=30;
end;
 |
+----------------------------------------------------------------------------------------------------------------------------------------------------------------------------------------------------------------------------------------------------------------------------------------------------------------------------------+
CREATE PROCEDURE sp_var_test15() BEGIN 
DECLARE v1,v2,v3,v4,v5,v6,v7,v8,v9,v10,v11,v12,v13,v14,v15 int default 10;
insert into result values(concat('before sp_var_test15 ','v1=',v1,' ','v2=',v2,' ','v3=',v3,' ','v4=',v4,' ','v5=',v5,' ','v6=',v6,' ','v7=',v7,' ','v8=',v8,' ','v9=',v9,' ','v10=',v10,' ','v11=',v11,' ','v12=',v12,' ','v13=',v13,' ','v14=',v14,' ','v15=',v15));
call sp_var_test15_set(v1,v2,v3,v4,v5,v6,v7,v8,v9,v10,v11,v12,v13,v14,v15);
insert into result values(concat('after sp_var_test15 ','v1=',v1,' ','v2=',v2,' ','v3=',v3,' ','v4=',v4,' ','v5=',v5,' ','v6=',v6,' ','v7=',v7,' ','v8=',v8,' ','v9=',v9,' ','v10=',v10,' ','v11=',v11,' ','v12=',v12,' ','v13=',v13,' ','v14=',v14,' ','v15=',v15));
END
;
CREATE PROCEDURE sp_var_test15_set(OUT v1 int,OUT v2 int,OUT v3 int,OUT v4 int,OUT v5 int,OUT v6 int,OUT v7 int,OUT v8 int,OUT v9 int,OUT v10 int,OUT v11 int,OUT v12 int,OUT v13 int,OUT v14 int,OUT v15 int) BEGIN 
set v1=30,v2=30,v3=30,v4=30,v5=30,v6=30,v7=30,v8=30,v9=30,v10=30,v11=30,v12=30,v13=30,v14=30,v15=30;
end;
;
call proc_codegen("sp_var_test", 16, "int", "10", "30", @body1, @body2);
select @body1;
+----------------------------------------------------------------------------------------------------------------------------------------------------------------------------------------------------------------------------------------------------------------------------------------------------------------------------------------------------------------------------------------------------------------------------------------------------------------------------------------------------------------------------------------------------------------------------------------------------------------------------------------------------------------------------------------------------------------------------------------------------------------------------------------+
| @body1                                                                                                                                                                                                                                                                                                                                                                                                                                                                                                                                                                                                                                                                                                                                                                                 |
+----------------------------------------------------------------------------------------------------------------------------------------------------------------------------------------------------------------------------------------------------------------------------------------------------------------------------------------------------------------------------------------------------------------------------------------------------------------------------------------------------------------------------------------------------------------------------------------------------------------------------------------------------------------------------------------------------------------------------------------------------------------------------------------+
| CREATE PROCEDURE sp_var_test16() BEGIN 
DECLARE v1,v2,v3,v4,v5,v6,v7,v8,v9,v10,v11,v12,v13,v14,v15,v16 int default 10;
insert into result values(concat('before sp_var_test16 ','v1=',v1,' ','v2=',v2,' ','v3=',v3,' ','v4=',v4,' ','v5=',v5,' ','v6=',v6,' ','v7=',v7,' ','v8=',v8,' ','v9=',v9,' ','v10=',v10,' ','v11=',v11,' ','v12=',v12,' ','v13=',v13,' ','v14=',v14,' ','v15=',v15,' ','v16=',v16));
call sp_var_test16_set(v1,v2,v3,v4,v5,v6,v7,v8,v9,v10,v11,v12,v13,v14,v15,v16);
insert into result values(concat('after sp_var_test16 ','v1=',v1,' ','v2=',v2,' ','v3=',v3,' ','v4=',v4,' ','v5=',v5,' ','v6=',v6,' ','v7=',v7,' ','v8=',v8,' ','v9=',v9,' ','v10=',v10,' ','v11=',v11,' ','v12=',v12,' ','v13=',v13,' ','v14=',v14,' ','v15=',v15,' ','v16=',v16));
END
 |
+----------------------------------------------------------------------------------------------------------------------------------------------------------------------------------------------------------------------------------------------------------------------------------------------------------------------------------------------------------------------------------------------------------------------------------------------------------------------------------------------------------------------------------------------------------------------------------------------------------------------------------------------------------------------------------------------------------------------------------------------------------------------------------------+
select @body2;
+-----------------------------------------------------------------------------------------------------------------------------------------------------------------------------------------------------------------------------------------------------------------------------------------------------------------------------------------------------+
| @body2                                                                                                                                                                                                                                                                                                                                              |
+-----------------------------------------------------------------------------------------------------------------------------------------------------------------------------------------------------------------------------------------------------------------------------------------------------------------------------------------------------+
| CREATE PROCEDURE sp_var_test16_set(OUT v1 int,OUT v2 int,OUT v3 int,OUT v4 int,OUT v5 int,OUT v6 int,OUT v7 int,OUT v8 int,OUT v9 int,OUT v10 int,OUT v11 int,OUT v12 int,OUT v13 int,OUT v14 int,OUT v15 int,OUT v16 int) BEGIN 
set v1=30,v2=30,v3=30,v4=30,v5=30,v6=30,v7=30,v8=30,v9=30,v10=30,v11=30,v12=30,v13=30,v14=30,v15=30,v16=30;
end;
 |
+-----------------------------------------------------------------------------------------------------------------------------------------------------------------------------------------------------------------------------------------------------------------------------------------------------------------------------------------------------+
CREATE PROCEDURE sp_var_test16() BEGIN 
DECLARE v1,v2,v3,v4,v5,v6,v7,v8,v9,v10,v11,v12,v13,v14,v15,v16 int default 10;
insert into result values(concat('before sp_var_test16 ','v1=',v1,' ','v2=',v2,' ','v3=',v3,' ','v4=',v4,' ','v5=',v5,' ','v6=',v6,' ','v7=',v7,' ','v8=',v8,' ','v9=',v9,' ','v10=',v10,' ','v11=',v11,' ','v12=',v12,' ','v13=',v13,' ','v14=',v14,' ','v15=',v15,' ','v16=',v16));
call sp_var_test16_set(v1,v2,v3,v4,v5,v6,v7,v8,v9,v10,v11,v12,v13,v14,v15,v16);
insert into result values(concat('after sp_var_test16 ','v1=',v1,' ','v2=',v2,' ','v3=',v3,' ','v4=',v4,' ','v5=',v5,' ','v6=',v6,' ','v7=',v7,' ','v8=',v8,' ','v9=',v9,' ','v10=',v10,' ','v11=',v11,' ','v12=',v12,' ','v13=',v13,' ','v14=',v14,' ','v15=',v15,' ','v16=',v16));
END
;
CREATE PROCEDURE sp_var_test16_set(OUT v1 int,OUT v2 int,OUT v3 int,OUT v4 int,OUT v5 int,OUT v6 int,OUT v7 int,OUT v8 int,OUT v9 int,OUT v10 int,OUT v11 int,OUT v12 int,OUT v13 int,OUT v14 int,OUT v15 int,OUT v16 int) BEGIN 
set v1=30,v2=30,v3=30,v4=30,v5=30,v6=30,v7=30,v8=30,v9=30,v10=30,v11=30,v12=30,v13=30,v14=30,v15=30,v16=30;
end;
;
call proc_codegen("sp_var_test", 17, "int", "10", "30", @body1, @body2);
select @body1;
+------------------------------------------------------------------------------------------------------------------------------------------------------------------------------------------------------------------------------------------------------------------------------------------------------------------------------------------------------------------------------------------------------------------------------------------------------------------------------------------------------------------------------------------------------------------------------------------------------------------------------------------------------------------------------------------------------------------------------------------------------------------------------------------------------------------------------+
| @body1                                                                                                                                                                                                                                                                                                                                                                                                                                                                                                                                                                                                                                                                                                                                                                                                                       |
+------------------------------------------------------------------------------------------------------------------------------------------------------------------------------------------------------------------------------------------------------------------------------------------------------------------------------------------------------------------------------------------------------------------------------------------------------------------------------------------------------------------------------------------------------------------------------------------------------------------------------------------------------------------------------------------------------------------------------------------------------------------------------------------------------------------------------+
| CREATE PROCEDURE sp_var_test17() BEGIN 
DECLARE v1,v2,v3,v4,v5,v6,v7,v8,v9,v10,v11,v12,v13,v14,v15,v16,v17 int default 10;
insert into result values(concat('before sp_var_test17 ','v1=',v1,' ','v2=',v2,' ','v3=',v3,' ','v4=',v4,' ','v5=',v5,' ','v6=',v6,' ','v7=',v7,' ','v8=',v8,' ','v9=',v9,' ','v10=',v10,' ','v11=',v11,' ','v12=',v12,' ','v13=',v13,' ','v14=',v14,' ','v15=',v15,' ','v16=',v16,' ','v17=',v17));
call sp_var_test17_set(v1,v2,v3,v4,v5,v6,v7,v8,v9,v10,v11,v12,v13,v14,v15,v16,v17);
insert into result values(concat('after sp_var_test17 ','v1=',v1,' ','v2=',v2,' ','v3=',v3,' ','v4=',v4,' ','v5=',v5,' ','v6=',v6,' ','v7=',v7,' ','v8=',v8,' ','v9=',v9,' ','v10=',v10,' ','v11=',v11,' ','v12=',v12,' ','v13=',v13,' ','v14=',v14,' ','v15=',v15,' ','v16=',v16,' ','v17=',v17));
END
 |
+------------------------------------------------------------------------------------------------------------------------------------------------------------------------------------------------------------------------------------------------------------------------------------------------------------------------------------------------------------------------------------------------------------------------------------------------------------------------------------------------------------------------------------------------------------------------------------------------------------------------------------------------------------------------------------------------------------------------------------------------------------------------------------------------------------------------------+
select @body2;
+------------------------------------------------------------------------------------------------------------------------------------------------------------------------------------------------------------------------------------------------------------------------------------------------------------------------------------------------------------------------+
| @body2                                                                                                                                                                                                                                                                                                                                                                 |
+------------------------------------------------------------------------------------------------------------------------------------------------------------------------------------------------------------------------------------------------------------------------------------------------------------------------------------------------------------------------+
| CREATE PROCEDURE sp_var_test17_set(OUT v1 int,OUT v2 int,OUT v3 int,OUT v4 int,OUT v5 int,OUT v6 int,OUT v7 int,OUT v8 int,OUT v9 int,OUT v10 int,OUT v11 int,OUT v12 int,OUT v13 int,OUT v14 int,OUT v15 int,OUT v16 int,OUT v17 int) BEGIN 
set v1=30,v2=30,v3=30,v4=30,v5=30,v6=30,v7=30,v8=30,v9=30,v10=30,v11=30,v12=30,v13=30,v14=30,v15=30,v16=30,v17=30;
end;
 |
+------------------------------------------------------------------------------------------------------------------------------------------------------------------------------------------------------------------------------------------------------------------------------------------------------------------------------------------------------------------------+
CREATE PROCEDURE sp_var_test17() BEGIN 
DECLARE v1,v2,v3,v4,v5,v6,v7,v8,v9,v10,v11,v12,v13,v14,v15,v16,v17 int default 10;
insert into result values(concat('before sp_var_test17 ','v1=',v1,' ','v2=',v2,' ','v3=',v3,' ','v4=',v4,' ','v5=',v5,' ','v6=',v6,' ','v7=',v7,' ','v8=',v8,' ','v9=',v9,' ','v10=',v10,' ','v11=',v11,' ','v12=',v12,' ','v13=',v13,' ','v14=',v14,' ','v15=',v15,' ','v16=',v16,' ','v17=',v17));
call sp_var_test17_set(v1,v2,v3,v4,v5,v6,v7,v8,v9,v10,v11,v12,v13,v14,v15,v16,v17);
insert into result values(concat('after sp_var_test17 ','v1=',v1,' ','v2=',v2,' ','v3=',v3,' ','v4=',v4,' ','v5=',v5,' ','v6=',v6,' ','v7=',v7,' ','v8=',v8,' ','v9=',v9,' ','v10=',v10,' ','v11=',v11,' ','v12=',v12,' ','v13=',v13,' ','v14=',v14,' ','v15=',v15,' ','v16=',v16,' ','v17=',v17));
END
;
CREATE PROCEDURE sp_var_test17_set(OUT v1 int,OUT v2 int,OUT v3 int,OUT v4 int,OUT v5 int,OUT v6 int,OUT v7 int,OUT v8 int,OUT v9 int,OUT v10 int,OUT v11 int,OUT v12 int,OUT v13 int,OUT v14 int,OUT v15 int,OUT v16 int,OUT v17 int) BEGIN 
set v1=30,v2=30,v3=30,v4=30,v5=30,v6=30,v7=30,v8=30,v9=30,v10=30,v11=30,v12=30,v13=30,v14=30,v15=30,v16=30,v17=30;
end;
;
call proc_codegen("sp_var_test", 18, "int", "10", "30", @body1, @body2);
select @body1;
+--------------------------------------------------------------------------------------------------------------------------------------------------------------------------------------------------------------------------------------------------------------------------------------------------------------------------------------------------------------------------------------------------------------------------------------------------------------------------------------------------------------------------------------------------------------------------------------------------------------------------------------------------------------------------------------------------------------------------------------------------------------------------------------------------------------------------------------------------------------------+
| @body1                                                                                                                                                                                                                                                                                                                                                                                                                                                                                                                                                                                                                                                                                                                                                                                                                                                             |
+--------------------------------------------------------------------------------------------------------------------------------------------------------------------------------------------------------------------------------------------------------------------------------------------------------------------------------------------------------------------------------------------------------------------------------------------------------------------------------------------------------------------------------------------------------------------------------------------------------------------------------------------------------------------------------------------------------------------------------------------------------------------------------------------------------------------------------------------------------------------+
| CREATE PROCEDURE sp_var_test18() BEGIN 
DECLARE v1,v2,v3,v4,v5,v6,v7,v8,v9,v10,v11,v12,v13,v14,v15,v16,v17,v18 int default 10;
insert into result values(concat('before sp_var_test18 ','v1=',v1,' ','v2=',v2,' ','v3=',v3,' ','v4=',v4,' ','v5=',v5,' ','v6=',v6,' ','v7=',v7,' ','v8=',v8,' ','v9=',v9,' ','v10=',v10,' ','v11=',v11,' ','v12=',v12,' ','v13=',v13,' ','v14=',v14,' ','v15=',v15,' ','v16=',v16,' ','v17=',v17,' ','v18=',v18));
call sp_var_test18_set(v1,v2,v3,v4,v5,v6,v7,v8,v9,v10,v11,v12,v13,v14,v15,v16,v17,v18);
insert into result values(concat('after sp_var_test18 ','v1=',v1,' ','v2=',v2,' ','v3=',v3,' ','v4=',v4,' ','v5=',v5,' ','v6=',v6,' ','v7=',v7,' ','v8=',v8,' ','v9=',v9,' ','v10=',v10,' ','v11=',v11,' ','v12=',v12,' ','v13=',v13,' ','v14=',v14,' ','v15=',v15,' ','v16=',v16,' ','v17=',v17,' ','v18=',v18));
END
 |
+--------------------------------------------------------------------------------------------------------------------------------------------------------------------------------------------------------------------------------------------------------------------------------------------------------------------------------------------------------------------------------------------------------------------------------------------------------------------------------------------------------------------------------------------------------------------------------------------------------------------------------------------------------------------------------------------------------------------------------------------------------------------------------------------------------------------------------------------------------------------+
select @body2;
+-------------------------------------------------------------------------------------------------------------------------------------------------------------------------------------------------------------------------------------------------------------------------------------------------------------------------------------------------------------------------------------------+
| @body2                                                                                                                                                                                                                                                                                                                                                                                    |
+-------------------------------------------------------------------------------------------------------------------------------------------------------------------------------------------------------------------------------------------------------------------------------------------------------------------------------------------------------------------------------------------+
| CREATE PROCEDURE sp_var_test18_set(OUT v1 int,OUT v2 int,OUT v3 int,OUT v4 int,OUT v5 int,OUT v6 int,OUT v7 int,OUT v8 int,OUT v9 int,OUT v10 int,OUT v11 int,OUT v12 int,OUT v13 int,OUT v14 int,OUT v15 int,OUT v16 int,OUT v17 int,OUT v18 int) BEGIN 
set v1=30,v2=30,v3=30,v4=30,v5=30,v6=30,v7=30,v8=30,v9=30,v10=30,v11=30,v12=30,v13=30,v14=30,v15=30,v16=30,v17=30,v18=30;
end;
 |
+-------------------------------------------------------------------------------------------------------------------------------------------------------------------------------------------------------------------------------------------------------------------------------------------------------------------------------------------------------------------------------------------+
CREATE PROCEDURE sp_var_test18() BEGIN 
DECLARE v1,v2,v3,v4,v5,v6,v7,v8,v9,v10,v11,v12,v13,v14,v15,v16,v17,v18 int default 10;
insert into result values(concat('before sp_var_test18 ','v1=',v1,' ','v2=',v2,' ','v3=',v3,' ','v4=',v4,' ','v5=',v5,' ','v6=',v6,' ','v7=',v7,' ','v8=',v8,' ','v9=',v9,' ','v10=',v10,' ','v11=',v11,' ','v12=',v12,' ','v13=',v13,' ','v14=',v14,' ','v15=',v15,' ','v16=',v16,' ','v17=',v17,' ','v18=',v18));
call sp_var_test18_set(v1,v2,v3,v4,v5,v6,v7,v8,v9,v10,v11,v12,v13,v14,v15,v16,v17,v18);
insert into result values(concat('after sp_var_test18 ','v1=',v1,' ','v2=',v2,' ','v3=',v3,' ','v4=',v4,' ','v5=',v5,' ','v6=',v6,' ','v7=',v7,' ','v8=',v8,' ','v9=',v9,' ','v10=',v10,' ','v11=',v11,' ','v12=',v12,' ','v13=',v13,' ','v14=',v14,' ','v15=',v15,' ','v16=',v16,' ','v17=',v17,' ','v18=',v18));
END
;
CREATE PROCEDURE sp_var_test18_set(OUT v1 int,OUT v2 int,OUT v3 int,OUT v4 int,OUT v5 int,OUT v6 int,OUT v7 int,OUT v8 int,OUT v9 int,OUT v10 int,OUT v11 int,OUT v12 int,OUT v13 int,OUT v14 int,OUT v15 int,OUT v16 int,OUT v17 int,OUT v18 int) BEGIN 
set v1=30,v2=30,v3=30,v4=30,v5=30,v6=30,v7=30,v8=30,v9=30,v10=30,v11=30,v12=30,v13=30,v14=30,v15=30,v16=30,v17=30,v18=30;
end;
;
call proc_codegen("sp_var_test", 19, "int", "10", "30", @body1, @body2);
select @body1;
+----------------------------------------------------------------------------------------------------------------------------------------------------------------------------------------------------------------------------------------------------------------------------------------------------------------------------------------------------------------------------------------------------------------------------------------------------------------------------------------------------------------------------------------------------------------------------------------------------------------------------------------------------------------------------------------------------------------------------------------------------------------------------------------------------------------------------------------------------------------------------------------------------------+
| @body1                                                                                                                                                                                                                                                                                                                                                                                                                                                                                                                                                                                                                                                                                                                                                                                                                                                                                                   |
+----------------------------------------------------------------------------------------------------------------------------------------------------------------------------------------------------------------------------------------------------------------------------------------------------------------------------------------------------------------------------------------------------------------------------------------------------------------------------------------------------------------------------------------------------------------------------------------------------------------------------------------------------------------------------------------------------------------------------------------------------------------------------------------------------------------------------------------------------------------------------------------------------------+
| CREATE PROCEDURE sp_var_test19() BEGIN 
DECLARE v1,v2,v3,v4,v5,v6,v7,v8,v9,v10,v11,v12,v13,v14,v15,v16,v17,v18,v19 int default 10;
insert into result values(concat('before sp_var_test19 ','v1=',v1,' ','v2=',v2,' ','v3=',v3,' ','v4=',v4,' ','v5=',v5,' ','v6=',v6,' ','v7=',v7,' ','v8=',v8,' ','v9=',v9,' ','v10=',v10,' ','v11=',v11,' ','v12=',v12,' ','v13=',v13,' ','v14=',v14,' ','v15=',v15,' ','v16=',v16,' ','v17=',v17,' ','v18=',v18,' ','v19=',v19));
call sp_var_test19_set(v1,v2,v3,v4,v5,v6,v7,v8,v9,v10,v11,v12,v13,v14,v15,v16,v17,v18,v19);
insert into result values(concat('after sp_var_test19 ','v1=',v1,' ','v2=',v2,' ','v3=',v3,' ','v4=',v4,' ','v5=',v5,' ','v6=',v6,' ','v7=',v7,' ','v8=',v8,' ','v9=',v9,' ','v10=',v10,' ','v11=',v11,' ','v12=',v12,' ','v13=',v13,' ','v14=',v14,' ','v15=',v15,' ','v16=',v16,' ','v17=',v17,' ','v18=',v18,' ','v19=',v19));
END
 |
+----------------------------------------------------------------------------------------------------------------------------------------------------------------------------------------------------------------------------------------------------------------------------------------------------------------------------------------------------------------------------------------------------------------------------------------------------------------------------------------------------------------------------------------------------------------------------------------------------------------------------------------------------------------------------------------------------------------------------------------------------------------------------------------------------------------------------------------------------------------------------------------------------------+
select @body2;
+--------------------------------------------------------------------------------------------------------------------------------------------------------------------------------------------------------------------------------------------------------------------------------------------------------------------------------------------------------------------------------------------------------------+
| @body2                                                                                                                                                                                                                                                                                                                                                                                                       |
+--------------------------------------------------------------------------------------------------------------------------------------------------------------------------------------------------------------------------------------------------------------------------------------------------------------------------------------------------------------------------------------------------------------+
| CREATE PROCEDURE sp_var_test19_set(OUT v1 int,OUT v2 int,OUT v3 int,OUT v4 int,OUT v5 int,OUT v6 int,OUT v7 int,OUT v8 int,OUT v9 int,OUT v10 int,OUT v11 int,OUT v12 int,OUT v13 int,OUT v14 int,OUT v15 int,OUT v16 int,OUT v17 int,OUT v18 int,OUT v19 int) BEGIN 
set v1=30,v2=30,v3=30,v4=30,v5=30,v6=30,v7=30,v8=30,v9=30,v10=30,v11=30,v12=30,v13=30,v14=30,v15=30,v16=30,v17=30,v18=30,v19=30;
end;
 |
+--------------------------------------------------------------------------------------------------------------------------------------------------------------------------------------------------------------------------------------------------------------------------------------------------------------------------------------------------------------------------------------------------------------+
CREATE PROCEDURE sp_var_test19() BEGIN 
DECLARE v1,v2,v3,v4,v5,v6,v7,v8,v9,v10,v11,v12,v13,v14,v15,v16,v17,v18,v19 int default 10;
insert into result values(concat('before sp_var_test19 ','v1=',v1,' ','v2=',v2,' ','v3=',v3,' ','v4=',v4,' ','v5=',v5,' ','v6=',v6,' ','v7=',v7,' ','v8=',v8,' ','v9=',v9,' ','v10=',v10,' ','v11=',v11,' ','v12=',v12,' ','v13=',v13,' ','v14=',v14,' ','v15=',v15,' ','v16=',v16,' ','v17=',v17,' ','v18=',v18,' ','v19=',v19));
call sp_var_test19_set(v1,v2,v3,v4,v5,v6,v7,v8,v9,v10,v11,v12,v13,v14,v15,v16,v17,v18,v19);
insert into result values(concat('after sp_var_test19 ','v1=',v1,' ','v2=',v2,' ','v3=',v3,' ','v4=',v4,' ','v5=',v5,' ','v6=',v6,' ','v7=',v7,' ','v8=',v8,' ','v9=',v9,' ','v10=',v10,' ','v11=',v11,' ','v12=',v12,' ','v13=',v13,' ','v14=',v14,' ','v15=',v15,' ','v16=',v16,' ','v17=',v17,' ','v18=',v18,' ','v19=',v19));
END
;
CREATE PROCEDURE sp_var_test19_set(OUT v1 int,OUT v2 int,OUT v3 int,OUT v4 int,OUT v5 int,OUT v6 int,OUT v7 int,OUT v8 int,OUT v9 int,OUT v10 int,OUT v11 int,OUT v12 int,OUT v13 int,OUT v14 int,OUT v15 int,OUT v16 int,OUT v17 int,OUT v18 int,OUT v19 int) BEGIN 
set v1=30,v2=30,v3=30,v4=30,v5=30,v6=30,v7=30,v8=30,v9=30,v10=30,v11=30,v12=30,v13=30,v14=30,v15=30,v16=30,v17=30,v18=30,v19=30;
end;
;
call proc_codegen("sp_var_test", 20, "int", "10", "30", @body1, @body2);
select @body1;
+------------------------------------------------------------------------------------------------------------------------------------------------------------------------------------------------------------------------------------------------------------------------------------------------------------------------------------------------------------------------------------------------------------------------------------------------------------------------------------------------------------------------------------------------------------------------------------------------------------------------------------------------------------------------------------------------------------------------------------------------------------------------------------------------------------------------------------------------------------------------------------------------------------------------------------------------+
| @body1                                                                                                                                                                                                                                                                                                                                                                                                                                                                                                                                                                                                                                                                                                                                                                                                                                                                                                                                         |
+------------------------------------------------------------------------------------------------------------------------------------------------------------------------------------------------------------------------------------------------------------------------------------------------------------------------------------------------------------------------------------------------------------------------------------------------------------------------------------------------------------------------------------------------------------------------------------------------------------------------------------------------------------------------------------------------------------------------------------------------------------------------------------------------------------------------------------------------------------------------------------------------------------------------------------------------+
| CREATE PROCEDURE sp_var_test20() BEGIN 
DECLARE v1,v2,v3,v4,v5,v6,v7,v8,v9,v10,v11,v12,v13,v14,v15,v16,v17,v18,v19,v20 int default 10;
insert into result values(concat('before sp_var_test20 ','v1=',v1,' ','v2=',v2,' ','v3=',v3,' ','v4=',v4,' ','v5=',v5,' ','v6=',v6,' ','v7=',v7,' ','v8=',v8,' ','v9=',v9,' ','v10=',v10,' ','v11=',v11,' ','v12=',v12,' ','v13=',v13,' ','v14=',v14,' ','v15=',v15,' ','v16=',v16,' ','v17=',v17,' ','v18=',v18,' ','v19=',v19,' ','v20=',v20));
call sp_var_test20_set(v1,v2,v3,v4,v5,v6,v7,v8,v9,v10,v11,v12,v13,v14,v15,v16,v17,v18,v19,v20);
insert into result values(concat('after sp_var_test20 ','v1=',v1,' ','v2=',v2,' ','v3=',v3,' ','v4=',v4,' ','v5=',v5,' ','v6=',v6,' ','v7=',v7,' ','v8=',v8,' ','v9=',v9,' ','v10=',v10,' ','v11=',v11,' ','v12=',v12,' ','v13=',v13,' ','v14=',v14,' ','v15=',v15,' ','v16=',v16,' ','v17=',v17,' ','v18=',v18,' ','v19=',v19,' ','v20=',v20));
END
 |
+------------------------------------------------------------------------------------------------------------------------------------------------------------------------------------------------------------------------------------------------------------------------------------------------------------------------------------------------------------------------------------------------------------------------------------------------------------------------------------------------------------------------------------------------------------------------------------------------------------------------------------------------------------------------------------------------------------------------------------------------------------------------------------------------------------------------------------------------------------------------------------------------------------------------------------------------+
select @body2;
+---------------------------------------------------------------------------------------------------------------------------------------------------------------------------------------------------------------------------------------------------------------------------------------------------------------------------------------------------------------------------------------------------------------------------------+
| @body2                                                                                                                                                                                                                                                                                                                                                                                                                          |
+---------------------------------------------------------------------------------------------------------------------------------------------------------------------------------------------------------------------------------------------------------------------------------------------------------------------------------------------------------------------------------------------------------------------------------+
| CREATE PROCEDURE sp_var_test20_set(OUT v1 int,OUT v2 int,OUT v3 int,OUT v4 int,OUT v5 int,OUT v6 int,OUT v7 int,OUT v8 int,OUT v9 int,OUT v10 int,OUT v11 int,OUT v12 int,OUT v13 int,OUT v14 int,OUT v15 int,OUT v16 int,OUT v17 int,OUT v18 int,OUT v19 int,OUT v20 int) BEGIN 
set v1=30,v2=30,v3=30,v4=30,v5=30,v6=30,v7=30,v8=30,v9=30,v10=30,v11=30,v12=30,v13=30,v14=30,v15=30,v16=30,v17=30,v18=30,v19=30,v20=30;
end;
 |
+---------------------------------------------------------------------------------------------------------------------------------------------------------------------------------------------------------------------------------------------------------------------------------------------------------------------------------------------------------------------------------------------------------------------------------+
CREATE PROCEDURE sp_var_test20() BEGIN 
DECLARE v1,v2,v3,v4,v5,v6,v7,v8,v9,v10,v11,v12,v13,v14,v15,v16,v17,v18,v19,v20 int default 10;
insert into result values(concat('before sp_var_test20 ','v1=',v1,' ','v2=',v2,' ','v3=',v3,' ','v4=',v4,' ','v5=',v5,' ','v6=',v6,' ','v7=',v7,' ','v8=',v8,' ','v9=',v9,' ','v10=',v10,' ','v11=',v11,' ','v12=',v12,' ','v13=',v13,' ','v14=',v14,' ','v15=',v15,' ','v16=',v16,' ','v17=',v17,' ','v18=',v18,' ','v19=',v19,' ','v20=',v20));
call sp_var_test20_set(v1,v2,v3,v4,v5,v6,v7,v8,v9,v10,v11,v12,v13,v14,v15,v16,v17,v18,v19,v20);
insert into result values(concat('after sp_var_test20 ','v1=',v1,' ','v2=',v2,' ','v3=',v3,' ','v4=',v4,' ','v5=',v5,' ','v6=',v6,' ','v7=',v7,' ','v8=',v8,' ','v9=',v9,' ','v10=',v10,' ','v11=',v11,' ','v12=',v12,' ','v13=',v13,' ','v14=',v14,' ','v15=',v15,' ','v16=',v16,' ','v17=',v17,' ','v18=',v18,' ','v19=',v19,' ','v20=',v20));
END
;
CREATE PROCEDURE sp_var_test20_set(OUT v1 int,OUT v2 int,OUT v3 int,OUT v4 int,OUT v5 int,OUT v6 int,OUT v7 int,OUT v8 int,OUT v9 int,OUT v10 int,OUT v11 int,OUT v12 int,OUT v13 int,OUT v14 int,OUT v15 int,OUT v16 int,OUT v17 int,OUT v18 int,OUT v19 int,OUT v20 int) BEGIN 
set v1=30,v2=30,v3=30,v4=30,v5=30,v6=30,v7=30,v8=30,v9=30,v10=30,v11=30,v12=30,v13=30,v14=30,v15=30,v16=30,v17=30,v18=30,v19=30,v20=30;
end;
;
call proc_codegen("sp_var_test", 21, "int", "10", "30", @body1, @body2);
select @body1;
+--------------------------------------------------------------------------------------------------------------------------------------------------------------------------------------------------------------------------------------------------------------------------------------------------------------------------------------------------------------------------------------------------------------------------------------------------------------------------------------------------------------------------------------------------------------------------------------------------------------------------------------------------------------------------------------------------------------------------------------------------------------------------------------------------------------------------------------------------------------------------------------------------------------------------------------------------------------------------------------+
| @body1                                                                                                                                                                                                                                                                                                                                                                                                                                                                                                                                                                                                                                                                                                                                                                                                                                                                                                                                                                               |
+--------------------------------------------------------------------------------------------------------------------------------------------------------------------------------------------------------------------------------------------------------------------------------------------------------------------------------------------------------------------------------------------------------------------------------------------------------------------------------------------------------------------------------------------------------------------------------------------------------------------------------------------------------------------------------------------------------------------------------------------------------------------------------------------------------------------------------------------------------------------------------------------------------------------------------------------------------------------------------------+
| CREATE PROCEDURE sp_var_test21() BEGIN 
DECLARE v1,v2,v3,v4,v5,v6,v7,v8,v9,v10,v11,v12,v13,v14,v15,v16,v17,v18,v19,v20,v21 int default 10;
insert into result values(concat('before sp_var_test21 ','v1=',v1,' ','v2=',v2,' ','v3=',v3,' ','v4=',v4,' ','v5=',v5,' ','v6=',v6,' ','v7=',v7,' ','v8=',v8,' ','v9=',v9,' ','v10=',v10,' ','v11=',v11,' ','v12=',v12,' ','v13=',v13,' ','v14=',v14,' ','v15=',v15,' ','v16=',v16,' ','v17=',v17,' ','v18=',v18,' ','v19=',v19,' ','v20=',v20,' ','v21=',v21));
call sp_var_test21_set(v1,v2,v3,v4,v5,v6,v7,v8,v9,v10,v11,v12,v13,v14,v15,v16,v17,v18,v19,v20,v21);
insert into result values(concat('after sp_var_test21 ','v1=',v1,' ','v2=',v2,' ','v3=',v3,' ','v4=',v4,' ','v5=',v5,' ','v6=',v6,' ','v7=',v7,' ','v8=',v8,' ','v9=',v9,' ','v10=',v10,' ','v11=',v11,' ','v12=',v12,' ','v13=',v13,' ','v14=',v14,' ','v15=',v15,' ','v16=',v16,' ','v17=',v17,' ','v18=',v18,' ','v19=',v19,' ','v20=',v20,' ','v21=',v21));
END
 |
+--------------------------------------------------------------------------------------------------------------------------------------------------------------------------------------------------------------------------------------------------------------------------------------------------------------------------------------------------------------------------------------------------------------------------------------------------------------------------------------------------------------------------------------------------------------------------------------------------------------------------------------------------------------------------------------------------------------------------------------------------------------------------------------------------------------------------------------------------------------------------------------------------------------------------------------------------------------------------------------+
select @body2;
+----------------------------------------------------------------------------------------------------------------------------------------------------------------------------------------------------------------------------------------------------------------------------------------------------------------------------------------------------------------------------------------------------------------------------------------------------+
| @body2                                                                                                                                                                                                                                                                                                                                                                                                                                             |
+----------------------------------------------------------------------------------------------------------------------------------------------------------------------------------------------------------------------------------------------------------------------------------------------------------------------------------------------------------------------------------------------------------------------------------------------------+
| CREATE PROCEDURE sp_var_test21_set(OUT v1 int,OUT v2 int,OUT v3 int,OUT v4 int,OUT v5 int,OUT v6 int,OUT v7 int,OUT v8 int,OUT v9 int,OUT v10 int,OUT v11 int,OUT v12 int,OUT v13 int,OUT v14 int,OUT v15 int,OUT v16 int,OUT v17 int,OUT v18 int,OUT v19 int,OUT v20 int,OUT v21 int) BEGIN 
set v1=30,v2=30,v3=30,v4=30,v5=30,v6=30,v7=30,v8=30,v9=30,v10=30,v11=30,v12=30,v13=30,v14=30,v15=30,v16=30,v17=30,v18=30,v19=30,v20=30,v21=30;
end;
 |
+----------------------------------------------------------------------------------------------------------------------------------------------------------------------------------------------------------------------------------------------------------------------------------------------------------------------------------------------------------------------------------------------------------------------------------------------------+
CREATE PROCEDURE sp_var_test21() BEGIN 
DECLARE v1,v2,v3,v4,v5,v6,v7,v8,v9,v10,v11,v12,v13,v14,v15,v16,v17,v18,v19,v20,v21 int default 10;
insert into result values(concat('before sp_var_test21 ','v1=',v1,' ','v2=',v2,' ','v3=',v3,' ','v4=',v4,' ','v5=',v5,' ','v6=',v6,' ','v7=',v7,' ','v8=',v8,' ','v9=',v9,' ','v10=',v10,' ','v11=',v11,' ','v12=',v12,' ','v13=',v13,' ','v14=',v14,' ','v15=',v15,' ','v16=',v16,' ','v17=',v17,' ','v18=',v18,' ','v19=',v19,' ','v20=',v20,' ','v21=',v21));
call sp_var_test21_set(v1,v2,v3,v4,v5,v6,v7,v8,v9,v10,v11,v12,v13,v14,v15,v16,v17,v18,v19,v20,v21);
insert into result values(concat('after sp_var_test21 ','v1=',v1,' ','v2=',v2,' ','v3=',v3,' ','v4=',v4,' ','v5=',v5,' ','v6=',v6,' ','v7=',v7,' ','v8=',v8,' ','v9=',v9,' ','v10=',v10,' ','v11=',v11,' ','v12=',v12,' ','v13=',v13,' ','v14=',v14,' ','v15=',v15,' ','v16=',v16,' ','v17=',v17,' ','v18=',v18,' ','v19=',v19,' ','v20=',v20,' ','v21=',v21));
END
;
CREATE PROCEDURE sp_var_test21_set(OUT v1 int,OUT v2 int,OUT v3 int,OUT v4 int,OUT v5 int,OUT v6 int,OUT v7 int,OUT v8 int,OUT v9 int,OUT v10 int,OUT v11 int,OUT v12 int,OUT v13 int,OUT v14 int,OUT v15 int,OUT v16 int,OUT v17 int,OUT v18 int,OUT v19 int,OUT v20 int,OUT v21 int) BEGIN 
set v1=30,v2=30,v3=30,v4=30,v5=30,v6=30,v7=30,v8=30,v9=30,v10=30,v11=30,v12=30,v13=30,v14=30,v15=30,v16=30,v17=30,v18=30,v19=30,v20=30,v21=30;
end;
;
call proc_codegen("sp_var_test", 22, "int", "10", "30", @body1, @body2);
select @body1;
+----------------------------------------------------------------------------------------------------------------------------------------------------------------------------------------------------------------------------------------------------------------------------------------------------------------------------------------------------------------------------------------------------------------------------------------------------------------------------------------------------------------------------------------------------------------------------------------------------------------------------------------------------------------------------------------------------------------------------------------------------------------------------------------------------------------------------------------------------------------------------------------------------------------------------------------------------------------------------------------------------------------------------+
| @body1                                                                                                                                                                                                                                                                                                                                                                                                                                                                                                                                                                                                                                                                                                                                                                                                                                                                                                                                                                                                                     |
+----------------------------------------------------------------------------------------------------------------------------------------------------------------------------------------------------------------------------------------------------------------------------------------------------------------------------------------------------------------------------------------------------------------------------------------------------------------------------------------------------------------------------------------------------------------------------------------------------------------------------------------------------------------------------------------------------------------------------------------------------------------------------------------------------------------------------------------------------------------------------------------------------------------------------------------------------------------------------------------------------------------------------+
| CREATE PROCEDURE sp_var_test22() BEGIN 
DECLARE v1,v2,v3,v4,v5,v6,v7,v8,v9,v10,v11,v12,v13,v14,v15,v16,v17,v18,v19,v20,v21,v22 int default 10;
insert into result values(concat('before sp_var_test22 ','v1=',v1,' ','v2=',v2,' ','v3=',v3,' ','v4=',v4,' ','v5=',v5,' ','v6=',v6,' ','v7=',v7,' ','v8=',v8,' ','v9=',v9,' ','v10=',v10,' ','v11=',v11,' ','v12=',v12,' ','v13=',v13,' ','v14=',v14,' ','v15=',v15,' ','v16=',v16,' ','v17=',v17,' ','v18=',v18,' ','v19=',v19,' ','v20=',v20,' ','v21=',v21,' ','v22=',v22));
call sp_var_test22_set(v1,v2,v3,v4,v5,v6,v7,v8,v9,v10,v11,v12,v13,v14,v15,v16,v17,v18,v19,v20,v21,v22);
insert into result values(concat('after sp_var_test22 ','v1=',v1,' ','v2=',v2,' ','v3=',v3,' ','v4=',v4,' ','v5=',v5,' ','v6=',v6,' ','v7=',v7,' ','v8=',v8,' ','v9=',v9,' ','v10=',v10,' ','v11=',v11,' ','v12=',v12,' ','v13=',v13,' ','v14=',v14,' ','v15=',v15,' ','v16=',v16,' ','v17=',v17,' ','v18=',v18,' ','v19=',v19,' ','v20=',v20,' ','v21=',v21,' ','v22=',v22));
END
 |
+----------------------------------------------------------------------------------------------------------------------------------------------------------------------------------------------------------------------------------------------------------------------------------------------------------------------------------------------------------------------------------------------------------------------------------------------------------------------------------------------------------------------------------------------------------------------------------------------------------------------------------------------------------------------------------------------------------------------------------------------------------------------------------------------------------------------------------------------------------------------------------------------------------------------------------------------------------------------------------------------------------------------------+
select @body2;
+-----------------------------------------------------------------------------------------------------------------------------------------------------------------------------------------------------------------------------------------------------------------------------------------------------------------------------------------------------------------------------------------------------------------------------------------------------------------------+
| @body2                                                                                                                                                                                                                                                                                                                                                                                                                                                                |
+-----------------------------------------------------------------------------------------------------------------------------------------------------------------------------------------------------------------------------------------------------------------------------------------------------------------------------------------------------------------------------------------------------------------------------------------------------------------------+
| CREATE PROCEDURE sp_var_test22_set(OUT v1 int,OUT v2 int,OUT v3 int,OUT v4 int,OUT v5 int,OUT v6 int,OUT v7 int,OUT v8 int,OUT v9 int,OUT v10 int,OUT v11 int,OUT v12 int,OUT v13 int,OUT v14 int,OUT v15 int,OUT v16 int,OUT v17 int,OUT v18 int,OUT v19 int,OUT v20 int,OUT v21 int,OUT v22 int) BEGIN 
set v1=30,v2=30,v3=30,v4=30,v5=30,v6=30,v7=30,v8=30,v9=30,v10=30,v11=30,v12=30,v13=30,v14=30,v15=30,v16=30,v17=30,v18=30,v19=30,v20=30,v21=30,v22=30;
end;
 |
+-----------------------------------------------------------------------------------------------------------------------------------------------------------------------------------------------------------------------------------------------------------------------------------------------------------------------------------------------------------------------------------------------------------------------------------------------------------------------+
CREATE PROCEDURE sp_var_test22() BEGIN 
DECLARE v1,v2,v3,v4,v5,v6,v7,v8,v9,v10,v11,v12,v13,v14,v15,v16,v17,v18,v19,v20,v21,v22 int default 10;
insert into result values(concat('before sp_var_test22 ','v1=',v1,' ','v2=',v2,' ','v3=',v3,' ','v4=',v4,' ','v5=',v5,' ','v6=',v6,' ','v7=',v7,' ','v8=',v8,' ','v9=',v9,' ','v10=',v10,' ','v11=',v11,' ','v12=',v12,' ','v13=',v13,' ','v14=',v14,' ','v15=',v15,' ','v16=',v16,' ','v17=',v17,' ','v18=',v18,' ','v19=',v19,' ','v20=',v20,' ','v21=',v21,' ','v22=',v22));
call sp_var_test22_set(v1,v2,v3,v4,v5,v6,v7,v8,v9,v10,v11,v12,v13,v14,v15,v16,v17,v18,v19,v20,v21,v22);
insert into result values(concat('after sp_var_test22 ','v1=',v1,' ','v2=',v2,' ','v3=',v3,' ','v4=',v4,' ','v5=',v5,' ','v6=',v6,' ','v7=',v7,' ','v8=',v8,' ','v9=',v9,' ','v10=',v10,' ','v11=',v11,' ','v12=',v12,' ','v13=',v13,' ','v14=',v14,' ','v15=',v15,' ','v16=',v16,' ','v17=',v17,' ','v18=',v18,' ','v19=',v19,' ','v20=',v20,' ','v21=',v21,' ','v22=',v22));
END
;
CREATE PROCEDURE sp_var_test22_set(OUT v1 int,OUT v2 int,OUT v3 int,OUT v4 int,OUT v5 int,OUT v6 int,OUT v7 int,OUT v8 int,OUT v9 int,OUT v10 int,OUT v11 int,OUT v12 int,OUT v13 int,OUT v14 int,OUT v15 int,OUT v16 int,OUT v17 int,OUT v18 int,OUT v19 int,OUT v20 int,OUT v21 int,OUT v22 int) BEGIN 
set v1=30,v2=30,v3=30,v4=30,v5=30,v6=30,v7=30,v8=30,v9=30,v10=30,v11=30,v12=30,v13=30,v14=30,v15=30,v16=30,v17=30,v18=30,v19=30,v20=30,v21=30,v22=30;
end;
;
call proc_codegen("sp_var_test", 23, "int", "10", "30", @body1, @body2);
select @body1;
+------------------------------------------------------------------------------------------------------------------------------------------------------------------------------------------------------------------------------------------------------------------------------------------------------------------------------------------------------------------------------------------------------------------------------------------------------------------------------------------------------------------------------------------------------------------------------------------------------------------------------------------------------------------------------------------------------------------------------------------------------------------------------------------------------------------------------------------------------------------------------------------------------------------------------------------------------------------------------------------------------------------------------------------------------------------+
| @body1                                                                                                                                                                                                                                                                                                                                                                                                                                                                                                                                                                                                                                                                                                                                                                                                                                                                                                                                                                                                                                                           |
+------------------------------------------------------------------------------------------------------------------------------------------------------------------------------------------------------------------------------------------------------------------------------------------------------------------------------------------------------------------------------------------------------------------------------------------------------------------------------------------------------------------------------------------------------------------------------------------------------------------------------------------------------------------------------------------------------------------------------------------------------------------------------------------------------------------------------------------------------------------------------------------------------------------------------------------------------------------------------------------------------------------------------------------------------------------+
| CREATE PROCEDURE sp_var_test23() BEGIN 
DECLARE v1,v2,v3,v4,v5,v6,v7,v8,v9,v10,v11,v12,v13,v14,v15,v16,v17,v18,v19,v20,v21,v22,v23 int default 10;
insert into result values(concat('before sp_var_test23 ','v1=',v1,' ','v2=',v2,' ','v3=',v3,' ','v4=',v4,' ','v5=',v5,' ','v6=',v6,' ','v7=',v7,' ','v8=',v8,' ','v9=',v9,' ','v10=',v10,' ','v11=',v11,' ','v12=',v12,' ','v13=',v13,' ','v14=',v14,' ','v15=',v15,' ','v16=',v16,' ','v17=',v17,' ','v18=',v18,' ','v19=',v19,' ','v20=',v20,' ','v21=',v21,' ','v22=',v22,' ','v23=',v23));
call sp_var_test23_set(v1,v2,v3,v4,v5,v6,v7,v8,v9,v10,v11,v12,v13,v14,v15,v16,v17,v18,v19,v20,v21,v22,v23);
insert into result values(concat('after sp_var_test23 ','v1=',v1,' ','v2=',v2,' ','v3=',v3,' ','v4=',v4,' ','v5=',v5,' ','v6=',v6,' ','v7=',v7,' ','v8=',v8,' ','v9=',v9,' ','v10=',v10,' ','v11=',v11,' ','v12=',v12,' ','v13=',v13,' ','v14=',v14,' ','v15=',v15,' ','v16=',v16,' ','v17=',v17,' ','v18=',v18,' ','v19=',v19,' ','v20=',v20,' ','v21=',v21,' ','v22=',v22,' ','v23=',v23));
END
 |
+------------------------------------------------------------------------------------------------------------------------------------------------------------------------------------------------------------------------------------------------------------------------------------------------------------------------------------------------------------------------------------------------------------------------------------------------------------------------------------------------------------------------------------------------------------------------------------------------------------------------------------------------------------------------------------------------------------------------------------------------------------------------------------------------------------------------------------------------------------------------------------------------------------------------------------------------------------------------------------------------------------------------------------------------------------------+
select @body2;
+------------------------------------------------------------------------------------------------------------------------------------------------------------------------------------------------------------------------------------------------------------------------------------------------------------------------------------------------------------------------------------------------------------------------------------------------------------------------------------------+
| @body2                                                                                                                                                                                                                                                                                                                                                                                                                                                                                   |
+------------------------------------------------------------------------------------------------------------------------------------------------------------------------------------------------------------------------------------------------------------------------------------------------------------------------------------------------------------------------------------------------------------------------------------------------------------------------------------------+
| CREATE PROCEDURE sp_var_test23_set(OUT v1 int,OUT v2 int,OUT v3 int,OUT v4 int,OUT v5 int,OUT v6 int,OUT v7 int,OUT v8 int,OUT v9 int,OUT v10 int,OUT v11 int,OUT v12 int,OUT v13 int,OUT v14 int,OUT v15 int,OUT v16 int,OUT v17 int,OUT v18 int,OUT v19 int,OUT v20 int,OUT v21 int,OUT v22 int,OUT v23 int) BEGIN 
set v1=30,v2=30,v3=30,v4=30,v5=30,v6=30,v7=30,v8=30,v9=30,v10=30,v11=30,v12=30,v13=30,v14=30,v15=30,v16=30,v17=30,v18=30,v19=30,v20=30,v21=30,v22=30,v23=30;
end;
 |
+------------------------------------------------------------------------------------------------------------------------------------------------------------------------------------------------------------------------------------------------------------------------------------------------------------------------------------------------------------------------------------------------------------------------------------------------------------------------------------------+
CREATE PROCEDURE sp_var_test23() BEGIN 
DECLARE v1,v2,v3,v4,v5,v6,v7,v8,v9,v10,v11,v12,v13,v14,v15,v16,v17,v18,v19,v20,v21,v22,v23 int default 10;
insert into result values(concat('before sp_var_test23 ','v1=',v1,' ','v2=',v2,' ','v3=',v3,' ','v4=',v4,' ','v5=',v5,' ','v6=',v6,' ','v7=',v7,' ','v8=',v8,' ','v9=',v9,' ','v10=',v10,' ','v11=',v11,' ','v12=',v12,' ','v13=',v13,' ','v14=',v14,' ','v15=',v15,' ','v16=',v16,' ','v17=',v17,' ','v18=',v18,' ','v19=',v19,' ','v20=',v20,' ','v21=',v21,' ','v22=',v22,' ','v23=',v23));
call sp_var_test23_set(v1,v2,v3,v4,v5,v6,v7,v8,v9,v10,v11,v12,v13,v14,v15,v16,v17,v18,v19,v20,v21,v22,v23);
insert into result values(concat('after sp_var_test23 ','v1=',v1,' ','v2=',v2,' ','v3=',v3,' ','v4=',v4,' ','v5=',v5,' ','v6=',v6,' ','v7=',v7,' ','v8=',v8,' ','v9=',v9,' ','v10=',v10,' ','v11=',v11,' ','v12=',v12,' ','v13=',v13,' ','v14=',v14,' ','v15=',v15,' ','v16=',v16,' ','v17=',v17,' ','v18=',v18,' ','v19=',v19,' ','v20=',v20,' ','v21=',v21,' ','v22=',v22,' ','v23=',v23));
END
;
CREATE PROCEDURE sp_var_test23_set(OUT v1 int,OUT v2 int,OUT v3 int,OUT v4 int,OUT v5 int,OUT v6 int,OUT v7 int,OUT v8 int,OUT v9 int,OUT v10 int,OUT v11 int,OUT v12 int,OUT v13 int,OUT v14 int,OUT v15 int,OUT v16 int,OUT v17 int,OUT v18 int,OUT v19 int,OUT v20 int,OUT v21 int,OUT v22 int,OUT v23 int) BEGIN 
set v1=30,v2=30,v3=30,v4=30,v5=30,v6=30,v7=30,v8=30,v9=30,v10=30,v11=30,v12=30,v13=30,v14=30,v15=30,v16=30,v17=30,v18=30,v19=30,v20=30,v21=30,v22=30,v23=30;
end;
;
call proc_codegen("sp_var_test", 24, "int", "10", "30", @body1, @body2);
select @body1;
+--------------------------------------------------------------------------------------------------------------------------------------------------------------------------------------------------------------------------------------------------------------------------------------------------------------------------------------------------------------------------------------------------------------------------------------------------------------------------------------------------------------------------------------------------------------------------------------------------------------------------------------------------------------------------------------------------------------------------------------------------------------------------------------------------------------------------------------------------------------------------------------------------------------------------------------------------------------------------------------------------------------------------------------------------------------------------------------------------------+
| @body1                                                                                                                                                                                                                                                                                                                                                                                                                                                                                                                                                                                                                                                                                                                                                                                                                                                                                                                                                                                                                                                           |
+--------------------------------------------------------------------------------------------------------------------------------------------------------------------------------------------------------------------------------------------------------------------------------------------------------------------------------------------------------------------------------------------------------------------------------------------------------------------------------------------------------------------------------------------------------------------------------------------------------------------------------------------------------------------------------------------------------------------------------------------------------------------------------------------------------------------------------------------------------------------------------------------------------------------------------------------------------------------------------------------------------------------------------------------------------------------------------------------------------+
| CREATE PROCEDURE sp_var_test24() BEGIN 
DECLARE v1,v2,v3,v4,v5,v6,v7,v8,v9,v10,v11,v12,v13,v14,v15,v16,v17,v18,v19,v20,v21,v22,v23,v24 int default 10;
insert into result values(concat('before sp_var_test24 ','v1=',v1,' ','v2=',v2,' ','v3=',v3,' ','v4=',v4,' ','v5=',v5,' ','v6=',v6,' ','v7=',v7,' ','v8=',v8,' ','v9=',v9,' ','v10=',v10,' ','v11=',v11,' ','v12=',v12,' ','v13=',v13,' ','v14=',v14,' ','v15=',v15,' ','v16=',v16,' ','v17=',v17,' ','v18=',v18,' ','v19=',v19,' ','v20=',v20,' ','v21=',v21,' ','v22=',v22,' ','v23=',v23,' ','v24=',v24));
call sp_var_test24_set(v1,v2,v3,v4,v5,v6,v7,v8,v9,v10,v11,v12,v13,v14,v15,v16,v17,v18,v19,v20,v21,v22,v23,v24);
insert into result values(concat('after sp_var_test24 ','v1=',v1,' ','v2=',v2,' ','v3=',v3,' ','v4=',v4,' ','v5=',v5,' ','v6=',v6,' ','v7=',v7,' ','v8=',v8,' ','v9=',v9,' ','v10=',v10,' ','v11=',v11,' ','v12=',v12,' ','v13=',v13,' ','v14=',v14,' ','v15=',v15,' ','v16=',v16,' ','v17=',v17,' ','v18=',v18,' ','v19=',v19,' ','v20=',v20,' ','v21=',v21,' ','v22=',v22,' ','v23=',v23,' ','v24=',v24));
END
 |
+--------------------------------------------------------------------------------------------------------------------------------------------------------------------------------------------------------------------------------------------------------------------------------------------------------------------------------------------------------------------------------------------------------------------------------------------------------------------------------------------------------------------------------------------------------------------------------------------------------------------------------------------------------------------------------------------------------------------------------------------------------------------------------------------------------------------------------------------------------------------------------------------------------------------------------------------------------------------------------------------------------------------------------------------------------------------------------------------------------+
select @body2;
+-------------------------------------------------------------------------------------------------------------------------------------------------------------------------------------------------------------------------------------------------------------------------------------------------------------------------------------------------------------------------------------------------------------------------------------------------------------------------------------------------------------+
| @body2                                                                                                                                                                                                                                                                                                                                                                                                                                                                                                      |
+-------------------------------------------------------------------------------------------------------------------------------------------------------------------------------------------------------------------------------------------------------------------------------------------------------------------------------------------------------------------------------------------------------------------------------------------------------------------------------------------------------------+
| CREATE PROCEDURE sp_var_test24_set(OUT v1 int,OUT v2 int,OUT v3 int,OUT v4 int,OUT v5 int,OUT v6 int,OUT v7 int,OUT v8 int,OUT v9 int,OUT v10 int,OUT v11 int,OUT v12 int,OUT v13 int,OUT v14 int,OUT v15 int,OUT v16 int,OUT v17 int,OUT v18 int,OUT v19 int,OUT v20 int,OUT v21 int,OUT v22 int,OUT v23 int,OUT v24 int) BEGIN 
set v1=30,v2=30,v3=30,v4=30,v5=30,v6=30,v7=30,v8=30,v9=30,v10=30,v11=30,v12=30,v13=30,v14=30,v15=30,v16=30,v17=30,v18=30,v19=30,v20=30,v21=30,v22=30,v23=30,v24=30;
end;
 |
+-------------------------------------------------------------------------------------------------------------------------------------------------------------------------------------------------------------------------------------------------------------------------------------------------------------------------------------------------------------------------------------------------------------------------------------------------------------------------------------------------------------+
CREATE PROCEDURE sp_var_test24() BEGIN 
DECLARE v1,v2,v3,v4,v5,v6,v7,v8,v9,v10,v11,v12,v13,v14,v15,v16,v17,v18,v19,v20,v21,v22,v23,v24 int default 10;
insert into result values(concat('before sp_var_test24 ','v1=',v1,' ','v2=',v2,' ','v3=',v3,' ','v4=',v4,' ','v5=',v5,' ','v6=',v6,' ','v7=',v7,' ','v8=',v8,' ','v9=',v9,' ','v10=',v10,' ','v11=',v11,' ','v12=',v12,' ','v13=',v13,' ','v14=',v14,' ','v15=',v15,' ','v16=',v16,' ','v17=',v17,' ','v18=',v18,' ','v19=',v19,' ','v20=',v20,' ','v21=',v21,' ','v22=',v22,' ','v23=',v23,' ','v24=',v24));
call sp_var_test24_set(v1,v2,v3,v4,v5,v6,v7,v8,v9,v10,v11,v12,v13,v14,v15,v16,v17,v18,v19,v20,v21,v22,v23,v24);
insert into result values(concat('after sp_var_test24 ','v1=',v1,' ','v2=',v2,' ','v3=',v3,' ','v4=',v4,' ','v5=',v5,' ','v6=',v6,' ','v7=',v7,' ','v8=',v8,' ','v9=',v9,' ','v10=',v10,' ','v11=',v11,' ','v12=',v12,' ','v13=',v13,' ','v14=',v14,' ','v15=',v15,' ','v16=',v16,' ','v17=',v17,' ','v18=',v18,' ','v19=',v19,' ','v20=',v20,' ','v21=',v21,' ','v22=',v22,' ','v23=',v23,' ','v24=',v24));
END
;
CREATE PROCEDURE sp_var_test24_set(OUT v1 int,OUT v2 int,OUT v3 int,OUT v4 int,OUT v5 int,OUT v6 int,OUT v7 int,OUT v8 int,OUT v9 int,OUT v10 int,OUT v11 int,OUT v12 int,OUT v13 int,OUT v14 int,OUT v15 int,OUT v16 int,OUT v17 int,OUT v18 int,OUT v19 int,OUT v20 int,OUT v21 int,OUT v22 int,OUT v23 int,OUT v24 int) BEGIN 
set v1=30,v2=30,v3=30,v4=30,v5=30,v6=30,v7=30,v8=30,v9=30,v10=30,v11=30,v12=30,v13=30,v14=30,v15=30,v16=30,v17=30,v18=30,v19=30,v20=30,v21=30,v22=30,v23=30,v24=30;
end;
;

call sp_var_test1();
call sp_var_test2();
call sp_var_test3();
call sp_var_test4();
call sp_var_test5();
call sp_var_test6();
call sp_var_test7();
call sp_var_test8();
call sp_var_test9();
call sp_var_test10();
call sp_var_test11();
call sp_var_test12();
call sp_var_test13();
call sp_var_test14();
call sp_var_test15();
call sp_var_test16();
call sp_var_test17();
call sp_var_test18();
call sp_var_test19();
call sp_var_test20();
call sp_var_test21();
call sp_var_test22();
call sp_var_test23();
call sp_var_test24();

select * from result;
+-------------------------------------------------------------------------------------------------------------------------------------------------------------------------------------+
| v                                                                                                                                                                                   |
+-------------------------------------------------------------------------------------------------------------------------------------------------------------------------------------+
| before sp_var_test1 v1=10                                                                                                                                                           |
| after sp_var_test1 v1=30                                                                                                                                                            |
| before sp_var_test2 v1=10 v2=10                                                                                                                                                     |
| after sp_var_test2 v1=30 v2=30                                                                                                                                                      |
| before sp_var_test3 v1=10 v2=10 v3=10                                                                                                                                               |
| after sp_var_test3 v1=30 v2=30 v3=30                                                                                                                                                |
| before sp_var_test4 v1=10 v2=10 v3=10 v4=10                                                                                                                                         |
| after sp_var_test4 v1=30 v2=30 v3=30 v4=30                                                                                                                                          |
| before sp_var_test5 v1=10 v2=10 v3=10 v4=10 v5=10                                                                                                                                   |
| after sp_var_test5 v1=30 v2=30 v3=30 v4=30 v5=30                                                                                                                                    |
| before sp_var_test6 v1=10 v2=10 v3=10 v4=10 v5=10 v6=10                                                                                                                             |
| after sp_var_test6 v1=30 v2=30 v3=30 v4=30 v5=30 v6=30                                                                                                                              |
| before sp_var_test7 v1=10 v2=10 v3=10 v4=10 v5=10 v6=10 v7=10                                                                                                                       |
| after sp_var_test7 v1=30 v2=30 v3=30 v4=30 v5=30 v6=30 v7=30                                                                                                                        |
| before sp_var_test8 v1=10 v2=10 v3=10 v4=10 v5=10 v6=10 v7=10 v8=10                                                                                                                 |
| after sp_var_test8 v1=30 v2=30 v3=30 v4=30 v5=30 v6=30 v7=30 v8=30                                                                                                                  |
| before sp_var_test9 v1=10 v2=10 v3=10 v4=10 v5=10 v6=10 v7=10 v8=10 v9=10                                                                                                           |
| after sp_var_test9 v1=30 v2=30 v3=30 v4=30 v5=30 v6=30 v7=30 v8=30 v9=30                                                                                                            |
| before sp_var_test10 v1=10 v2=10 v3=10 v4=10 v5=10 v6=10 v7=10 v8=10 v9=10 v10=10                                                                                                   |
| after sp_var_test10 v1=30 v2=30 v3=30 v4=30 v5=30 v6=30 v7=30 v8=30 v9=30 v10=30                                                                                                    |
| before sp_var_test11 v1=10 v2=10 v3=10 v4=10 v5=10 v6=10 v7=10 v8=10 v9=10 v10=10 v11=10                                                                                            |
| after sp_var_test11 v1=30 v2=30 v3=30 v4=30 v5=30 v6=30 v7=30 v8=30 v9=30 v10=30 v11=30                                                                                             |
| before sp_var_test12 v1=10 v2=10 v3=10 v4=10 v5=10 v6=10 v7=10 v8=10 v9=10 v10=10 v11=10 v12=10                                                                                     |
| after sp_var_test12 v1=30 v2=30 v3=30 v4=30 v5=30 v6=30 v7=30 v8=30 v9=30 v10=30 v11=30 v12=30                                                                                      |
| before sp_var_test13 v1=10 v2=10 v3=10 v4=10 v5=10 v6=10 v7=10 v8=10 v9=10 v10=10 v11=10 v12=10 v13=10                                                                              |
| after sp_var_test13 v1=30 v2=30 v3=30 v4=30 v5=30 v6=30 v7=30 v8=30 v9=30 v10=30 v11=30 v12=30 v13=30                                                                               |
| before sp_var_test14 v1=10 v2=10 v3=10 v4=10 v5=10 v6=10 v7=10 v8=10 v9=10 v10=10 v11=10 v12=10 v13=10 v14=10                                                                       |
| after sp_var_test14 v1=30 v2=30 v3=30 v4=30 v5=30 v6=30 v7=30 v8=30 v9=30 v10=30 v11=30 v12=30 v13=30 v14=30                                                                        |
| before sp_var_test15 v1=10 v2=10 v3=10 v4=10 v5=10 v6=10 v7=10 v8=10 v9=10 v10=10 v11=10 v12=10 v13=10 v14=10 v15=10                                                                |
| after sp_var_test15 v1=30 v2=30 v3=30 v4=30 v5=30 v6=30 v7=30 v8=30 v9=30 v10=30 v11=30 v12=30 v13=30 v14=30 v15=30                                                                 |
| before sp_var_test16 v1=10 v2=10 v3=10 v4=10 v5=10 v6=10 v7=10 v8=10 v9=10 v10=10 v11=10 v12=10 v13=10 v14=10 v15=10 v16=10                                                         |
| after sp_var_test16 v1=30 v2=30 v3=30 v4=30 v5=30 v6=30 v7=30 v8=30 v9=30 v10=30 v11=30 v12=30 v13=30 v14=30 v15=30 v16=30                                                          |
| before sp_var_test17 v1=10 v2=10 v3=10 v4=10 v5=10 v6=10 v7=10 v8=10 v9=10 v10=10 v11=10 v12=10 v13=10 v14=10 v15=10 v16=10 v17=10                                                  |
| after sp_var_test17 v1=30 v2=30 v3=30 v4=30 v5=30 v6=30 v7=30 v8=30 v9=30 v10=30 v11=30 v12=30 v13=30 v14=30 v15=30 v16=30 v17=30                                                   |
| before sp_var_test18 v1=10 v2=10 v3=10 v4=10 v5=10 v6=10 v7=10 v8=10 v9=10 v10=10 v11=10 v12=10 v13=10 v14=10 v15=10 v16=10 v17=10 v18=10                                           |
| after sp_var_test18 v1=30 v2=30 v3=30 v4=30 v5=30 v6=30 v7=30 v8=30 v9=30 v10=30 v11=30 v12=30 v13=30 v14=30 v15=30 v16=30 v17=30 v18=30                                            |
| before sp_var_test19 v1=10 v2=10 v3=10 v4=10 v5=10 v6=10 v7=10 v8=10 v9=10 v10=10 v11=10 v12=10 v13=10 v14=10 v15=10 v16=10 v17=10 v18=10 v19=10                                    |
| after sp_var_test19 v1=30 v2=30 v3=30 v4=30 v5=30 v6=30 v7=30 v8=30 v9=30 v10=30 v11=30 v12=30 v13=30 v14=30 v15=30 v16=30 v17=30 v18=30 v19=30                                     |
| before sp_var_test20 v1=10 v2=10 v3=10 v4=10 v5=10 v6=10 v7=10 v8=10 v9=10 v10=10 v11=10 v12=10 v13=10 v14=10 v15=10 v16=10 v17=10 v18=10 v19=10 v20=10                             |
| after sp_var_test20 v1=30 v2=30 v3=30 v4=30 v5=30 v6=30 v7=30 v8=30 v9=30 v10=30 v11=30 v12=30 v13=30 v14=30 v15=30 v16=30 v17=30 v18=30 v19=30 v20=30                              |
| before sp_var_test21 v1=10 v2=10 v3=10 v4=10 v5=10 v6=10 v7=10 v8=10 v9=10 v10=10 v11=10 v12=10 v13=10 v14=10 v15=10 v16=10 v17=10 v18=10 v19=10 v20=10 v21=10                      |
| after sp_var_test21 v1=30 v2=30 v3=30 v4=30 v5=30 v6=30 v7=30 v8=30 v9=30 v10=30 v11=30 v12=30 v13=30 v14=30 v15=30 v16=30 v17=30 v18=30 v19=30 v20=30 v21=30                       |
| before sp_var_test22 v1=10 v2=10 v3=10 v4=10 v5=10 v6=10 v7=10 v8=10 v9=10 v10=10 v11=10 v12=10 v13=10 v14=10 v15=10 v16=10 v17=10 v18=10 v19=10 v20=10 v21=10 v22=10               |
| after sp_var_test22 v1=30 v2=30 v3=30 v4=30 v5=30 v6=30 v7=30 v8=30 v9=30 v10=30 v11=30 v12=30 v13=30 v14=30 v15=30 v16=30 v17=30 v18=30 v19=30 v20=30 v21=30 v22=30                |
| before sp_var_test23 v1=10 v2=10 v3=10 v4=10 v5=10 v6=10 v7=10 v8=10 v9=10 v10=10 v11=10 v12=10 v13=10 v14=10 v15=10 v16=10 v17=10 v18=10 v19=10 v20=10 v21=10 v22=10 v23=10        |
| after sp_var_test23 v1=30 v2=30 v3=30 v4=30 v5=30 v6=30 v7=30 v8=30 v9=30 v10=30 v11=30 v12=30 v13=30 v14=30 v15=30 v16=30 v17=30 v18=30 v19=30 v20=30 v21=30 v22=30 v23=30         |
| before sp_var_test24 v1=10 v2=10 v3=10 v4=10 v5=10 v6=10 v7=10 v8=10 v9=10 v10=10 v11=10 v12=10 v13=10 v14=10 v15=10 v16=10 v17=10 v18=10 v19=10 v20=10 v21=10 v22=10 v23=10 v24=10 |
| after sp_var_test24 v1=30 v2=30 v3=30 v4=30 v5=30 v6=30 v7=30 v8=30 v9=30 v10=30 v11=30 v12=30 v13=30 v14=30 v15=30 v16=30 v17=30 v18=30 v19=30 v20=30 v21=30 v22=30 v23=30 v24=30  |
+-------------------------------------------------------------------------------------------------------------------------------------------------------------------------------------+

drop procedure sp_var_test1;
drop procedure sp_var_test2;
drop procedure sp_var_test3;
drop procedure sp_var_test4;
drop procedure sp_var_test5;
drop procedure sp_var_test6;
drop procedure sp_var_test7;
drop procedure sp_var_test8;
drop procedure sp_var_test9;
drop procedure sp_var_test10;
drop procedure sp_var_test11;
drop procedure sp_var_test12;
drop procedure sp_var_test13;
drop procedure sp_var_test14;
drop procedure sp_var_test15;
drop procedure sp_var_test16;
drop procedure sp_var_test17;
drop procedure sp_var_test18;
drop procedure sp_var_test19;
drop procedure sp_var_test20;
drop procedure sp_var_test21;
drop procedure sp_var_test22;
drop procedure sp_var_test23;
drop procedure sp_var_test24;

drop procedure sp_var_test1_set;
drop procedure sp_var_test2_set;
drop procedure sp_var_test3_set;
drop procedure sp_var_test4_set;
drop procedure sp_var_test5_set;
drop procedure sp_var_test6_set;
drop procedure sp_var_test7_set;
drop procedure sp_var_test8_set;
drop procedure sp_var_test9_set;
drop procedure sp_var_test10_set;
drop procedure sp_var_test11_set;
drop procedure sp_var_test12_set;
drop procedure sp_var_test13_set;
drop procedure sp_var_test14_set;
drop procedure sp_var_test15_set;
drop procedure sp_var_test16_set;
drop procedure sp_var_test17_set;
drop procedure sp_var_test18_set;
drop procedure sp_var_test19_set;
drop procedure sp_var_test20_set;
drop procedure sp_var_test21_set;
drop procedure sp_var_test22_set;
drop procedure sp_var_test23_set;
drop procedure sp_var_test24_set;

drop table result;
drop procedure proc_codegen;






