count(1)
64
alter system minor freeze;
select count(1) from t1;
count(1)
70
select a, b, e from t1 where c > 'ab' order by a;
a	b	e
4	4	NULL
5	5	NULL
6	6	NULL
7	7	NULL
8	8	NULL
12	5	NULL
13	6	NULL
14	7	NULL
15	8	NULL
16	9	NULL
27	5	NULL
28	6	NULL
29	7	NULL
30	8	NULL
31	9	NULL
35	6	NULL
36	7	NULL
37	8	NULL
38	9	NULL
39	10	NULL
58	5	NULL
59	6	NULL
60	7	NULL
61	8	NULL
62	9	NULL
66	6	NULL
67	7	NULL
68	8	NULL
69	9	NULL
70	10	NULL
74	6	NULL
75	7	NULL
76	8	NULL
77	9	NULL
78	10	NULL
82	7	NULL
83	8	NULL
84	9	NULL
85	10	NULL
86	11	NULL
118	100	NULL
119	101	NULL
120	102	NULL
121	103	NULL
122	104	NULL
123	105	NULL
select a, b, e from t1 where e > 10 order by a;
a	b	e
select a, b, e, def1, def2 from t1 where def1 > 10 order by a;
a	b	e	def1	def2
select a, b, e, def1, def2 from t1 where def2 > 10 order by a;
a	b	e	def1	def2
1	1	NULL	10	20
2	2	NULL	10	20
3	3	NULL	10	20
4	4	NULL	10	20
5	5	NULL	10	20
6	6	NULL	10	20
7	7	NULL	10	20
8	8	NULL	10	20
9	2	NULL	10	20
10	3	NULL	10	20
11	4	NULL	10	20
12	5	NULL	10	20
13	6	NULL	10	20
14	7	NULL	10	20
15	8	NULL	10	20
16	9	NULL	10	20
24	2	NULL	10	20
25	3	NULL	10	20
26	4	NULL	10	20
27	5	NULL	10	20
28	6	NULL	10	20
29	7	NULL	10	20
30	8	NULL	10	20
31	9	NULL	10	20
32	3	NULL	10	20
33	4	NULL	10	20
34	5	NULL	10	20
35	6	NULL	10	20
36	7	NULL	10	20
37	8	NULL	10	20
38	9	NULL	10	20
39	10	NULL	10	20
55	2	NULL	10	20
56	3	NULL	10	20
57	4	NULL	10	20
58	5	NULL	10	20
59	6	NULL	10	20
60	7	NULL	10	20
61	8	NULL	10	20
62	9	NULL	10	20
63	3	NULL	10	20
64	4	NULL	10	20
65	5	NULL	10	20
66	6	NULL	10	20
67	7	NULL	10	20
68	8	NULL	10	20
69	9	NULL	10	20
70	10	NULL	10	20
71	3	NULL	10	20
72	4	NULL	10	20
73	5	NULL	10	20
74	6	NULL	10	20
75	7	NULL	10	20
76	8	NULL	10	20
77	9	NULL	10	20
78	10	NULL	10	20
79	4	NULL	10	20
80	5	NULL	10	20
81	6	NULL	10	20
82	7	NULL	10	20
83	8	NULL	10	20
84	9	NULL	10	20
85	10	NULL	10	20
86	11	NULL	10	20
118	100	NULL	10	20
119	101	NULL	10	20
120	102	NULL	10	20
121	103	NULL	10	20
122	104	NULL	10	20
123	105	NULL	10	20
select a, b, e, def1, def2 from t1 where def2 < def1 order by a;
a	b	e	def1	def2
select a, b, e, def1, def2 from t1 where def2 > def1 order by a;
a	b	e	def1	def2
1	1	NULL	10	20
2	2	NULL	10	20
3	3	NULL	10	20
4	4	NULL	10	20
5	5	NULL	10	20
6	6	NULL	10	20
7	7	NULL	10	20
8	8	NULL	10	20
9	2	NULL	10	20
10	3	NULL	10	20
11	4	NULL	10	20
12	5	NULL	10	20
13	6	NULL	10	20
14	7	NULL	10	20
15	8	NULL	10	20
16	9	NULL	10	20
24	2	NULL	10	20
25	3	NULL	10	20
26	4	NULL	10	20
27	5	NULL	10	20
28	6	NULL	10	20
29	7	NULL	10	20
30	8	NULL	10	20
31	9	NULL	10	20
32	3	NULL	10	20
33	4	NULL	10	20
34	5	NULL	10	20
35	6	NULL	10	20
36	7	NULL	10	20
37	8	NULL	10	20
38	9	NULL	10	20
39	10	NULL	10	20
55	2	NULL	10	20
56	3	NULL	10	20
57	4	NULL	10	20
58	5	NULL	10	20
59	6	NULL	10	20
60	7	NULL	10	20
61	8	NULL	10	20
62	9	NULL	10	20
63	3	NULL	10	20
64	4	NULL	10	20
65	5	NULL	10	20
66	6	NULL	10	20
67	7	NULL	10	20
68	8	NULL	10	20
69	9	NULL	10	20
70	10	NULL	10	20
71	3	NULL	10	20
72	4	NULL	10	20
73	5	NULL	10	20
74	6	NULL	10	20
75	7	NULL	10	20
76	8	NULL	10	20
77	9	NULL	10	20
78	10	NULL	10	20
79	4	NULL	10	20
80	5	NULL	10	20
81	6	NULL	10	20
82	7	NULL	10	20
83	8	NULL	10	20
84	9	NULL	10	20
85	10	NULL	10	20
86	11	NULL	10	20
118	100	NULL	10	20
119	101	NULL	10	20
120	102	NULL	10	20
121	103	NULL	10	20
122	104	NULL	10	20
123	105	NULL	10	20
alter table t1 add column f int generated always as (b*2) virtual;
select a, e, f from t1 where c > 'ab' order by a;
a	e	f
4	NULL	8
5	NULL	10
6	NULL	12
7	NULL	14
8	NULL	16
12	NULL	10
13	NULL	12
14	NULL	14
15	NULL	16
16	NULL	18
27	NULL	10
28	NULL	12
29	NULL	14
30	NULL	16
31	NULL	18
35	NULL	12
36	NULL	14
37	NULL	16
38	NULL	18
39	NULL	20
58	NULL	10
59	NULL	12
60	NULL	14
61	NULL	16
62	NULL	18
66	NULL	12
67	NULL	14
68	NULL	16
69	NULL	18
70	NULL	20
74	NULL	12
75	NULL	14
76	NULL	16
77	NULL	18
78	NULL	20
82	NULL	14
83	NULL	16
84	NULL	18
85	NULL	20
86	NULL	22
118	NULL	200
119	NULL	202
120	NULL	204
121	NULL	206
122	NULL	208
123	NULL	210
alter system major freeze tenant all;
alter table t1 add column g int;
select a, b, e from t1 where c > 'ab' order by a;
a	b	e
4	4	NULL
5	5	NULL
6	6	NULL
7	7	NULL
8	8	NULL
12	5	NULL
13	6	NULL
14	7	NULL
15	8	NULL
16	9	NULL
27	5	NULL
28	6	NULL
29	7	NULL
30	8	NULL
31	9	NULL
35	6	NULL
36	7	NULL
37	8	NULL
38	9	NULL
39	10	NULL
58	5	NULL
59	6	NULL
60	7	NULL
61	8	NULL
62	9	NULL
66	6	NULL
67	7	NULL
68	8	NULL
69	9	NULL
70	10	NULL
74	6	NULL
75	7	NULL
76	8	NULL
77	9	NULL
78	10	NULL
82	7	NULL
83	8	NULL
84	9	NULL
85	10	NULL
86	11	NULL
118	100	NULL
119	101	NULL
120	102	NULL
121	103	NULL
122	104	NULL
123	105	NULL
select a, b, f from t1 where c > 'ab' order by a;
a	b	f
4	4	8
5	5	10
6	6	12
7	7	14
8	8	16
12	5	10
13	6	12
14	7	14
15	8	16
16	9	18
27	5	10
28	6	12
29	7	14
30	8	16
31	9	18
35	6	12
36	7	14
37	8	16
38	9	18
39	10	20
58	5	10
59	6	12
60	7	14
61	8	16
62	9	18
66	6	12
67	7	14
68	8	16
69	9	18
70	10	20
74	6	12
75	7	14
76	8	16
77	9	18
78	10	20
82	7	14
83	8	16
84	9	18
85	10	20
86	11	22
118	100	200
119	101	202
120	102	204
121	103	206
122	104	208
123	105	210
select a, b, g from t1 where c > 'ab' order by a;
a	b	g
4	4	NULL
5	5	NULL
6	6	NULL
7	7	NULL
8	8	NULL
12	5	NULL
13	6	NULL
14	7	NULL
15	8	NULL
16	9	NULL
27	5	NULL
28	6	NULL
29	7	NULL
30	8	NULL
31	9	NULL
35	6	NULL
36	7	NULL
37	8	NULL
38	9	NULL
39	10	NULL
58	5	NULL
59	6	NULL
60	7	NULL
61	8	NULL
62	9	NULL
66	6	NULL
67	7	NULL
68	8	NULL
69	9	NULL
70	10	NULL
74	6	NULL
75	7	NULL
76	8	NULL
77	9	NULL
78	10	NULL
82	7	NULL
83	8	NULL
84	9	NULL
85	10	NULL
86	11	NULL
118	100	NULL
119	101	NULL
120	102	NULL
121	103	NULL
122	104	NULL
123	105	NULL
drop table t1;
