drop table if exists t1;
create table t1 (c0 int primary key,c1 int, c2 int, c3 int);
replace into t1 values (1,null, 1, null);
insert into t1 values (2,null, null, null);
select * from t1;
c0	c1	c2	c3
1	NULL	1	NULL
2	NULL	NULL	NULL
select * from t1 where (c1, c2) = (null, null) or (c1, c2) = (null, 1);
c0	c1	c2	c3
