# ----------------------------------------------------------------------
# Base test of _ST_POINT.
# ----------------------------------------------------------------------
SELECT HEX(_ST_POINT(0, 0));
HEX(_ST_POINT(0, 0))
00000000010100000000000000000000000000000000000000
SELECT HEX(_ST_POINT('0', '0'));
HEX(_ST_POINT('0', '0'))
00000000010100000000000000000000000000000000000000
SELECT HEX(_ST_POINT(NULL, NULL));
HEX(_ST_POINT(NULL, NULL))
NULL
SELECT HEX(_ST_POINT('NULL', 'NULL'));
ERROR 01000: Truncated incorrect DOUBLE value
SELECT HEX(_ST_POINT(0, 0, 0));
HEX(_ST_POINT(0, 0, 0))
00000000010100000000000000000000000000000000000000
SELECT HEX(_ST_POINT('0', '0', '0'));
HEX(_ST_POINT('0', '0', '0'))
00000000010100000000000000000000000000000000000000
SELECT HEX(_ST_POINT(NULL, NULL, NULL));
HEX(_ST_POINT(NULL, NULL, NULL))
NULL
SELECT HEX(_ST_POINT('NULL', 'NULL', 'NULL'));
ERROR 22007: Incorrect value
SELECT HEX(_ST_POINT(1, 1, 'NULL'));
ERROR 22007: Incorrect value
SELECT HEX(_ST_POINT(1, 2, 4326));
HEX(_ST_POINT(1, 2, 4326))
E61000000101000000000000000000F03F0000000000000040
SELECT HEX(_ST_POINT(1, 2, '4326'));
HEX(_ST_POINT(1, 2, '4326'))
E61000000101000000000000000000F03F0000000000000040
SELECT HEX(_ST_POINT(1, 2, 43267));
ERROR SR001: There's no spatial reference system with SRID 43267.
SELECT _ST_POINT('','');
ERROR 01000: Truncated incorrect DOUBLE value
SELECT HEX(_ST_POINT('ABC','CBA'));
ERROR 01000: Truncated incorrect DOUBLE value
SELECT HEX(_ST_POINT(true,false));
ERROR 22000: Invalid data type for the operation
SELECT HEX(_ST_POINT(DATE('2000-11-11'),DATE('2000-11-11')));
ERROR 22000: Invalid data type for the operation
SELECT HEX(_ST_POINT(1E-324,1E-324));
HEX(_ST_POINT(1E-324,1E-324))
00000000010100000000000000000000000000000000000000
SELECT HEX(_ST_POINT(11,22,'4326.123'));
ERROR 22007: Incorrect value
SELECT HEX(_ST_POINT(11,22,'4326ABCD'));
ERROR 22007: Incorrect value
SELECT HEX(_ST_POINT(11,22,'CBA4326ABCD'));
ERROR 22007: Incorrect value
SELECT HEX(_ST_POINT(11,22,'false'));
ERROR 22007: Incorrect value
SELECT HEX(_ST_POINT(11,22,''));
ERROR 22007: Incorrect value
SELECT HEX(_ST_POINT(11,22,false));
ERROR 22000: Invalid data type for the operation
